FeatureID,mzmed,rtmed,L1,L2,L3,L4,L5,L6,L7,L8,L9,NL1,NL2,NL3,NL4,NL5,NL6,NL7,NL8,NL9,NL10,NL11,Blank_1,Blank_2,Blank_3,Blank_4
MN0001,79.9573,3.85,119.2591447,157.0390301,144.7553924,152.824101,190.0288631,205.2098469,240.7264083,347.7055086,233.4463439,145.1518499,182.4020909,97.34682498,61.71614314,79.68564824,54.04084317,57.2525714,71.84661266,198.0259675,178.6772452,171.6729837,10.12782571,7.041200102,6.900192938,6.40533298
MN0002,79.9578,3.133,666.2141934,921.2254252,855.9310253,908.0031725,1090.486142,1050.915037,1444.094221,1659.217933,1178.524217,896.9364215,1075.299111,645.1463341,335.2930114,429.6519644,306.6182229,327.8569191,374.9795895,1153.711704,937.8505211,940.3952935,5.351614989,4.136625141,3.506019015,3.766520983
MN0003,89.0247,1.95,1827.506598,2105.466538,2161.949163,2424.069249,2358.974796,3290.86175,3279.426242,5100.119448,4209.690783,2599.553426,1920.243918,828.9681539,1066.470026,1655.641214,1099.520147,854.8044568,861.3271687,2730.323542,3038.646761,2014.45352,42.33165477,87.6333536,27.24970621,19.88229407
MN0004,122.0859,3,4552.052394,4546.280369,4767.906222,4492.540189,4881.706244,4238.160825,4406.587564,4169.564142,4020.959223,4899.337715,4935.272048,5222.132226,4913.010201,4543.58313,4958.048676,4258.435646,4748.334658,3819.914957,5026.874101,4519.319472,5.410940761,1.199406274,0.622228172,0.510823802
MN0005,124.0074,3.85,1186.586113,1291.477755,1405.05108,1364.401827,1655.944654,1259.30809,1459.742871,3336.12004,1429.831892,1233.460595,1375.690872,784.2698233,411.4082896,772.7714631,470.6582965,475.0400741,650.7407964,1911.576637,1714.815338,1494.827269,6.691041386,1.613157915,1.778763923,1.34258067
MN0006,124.0076,3.45,3692.852899,5062.411626,5102.386261,5461.330497,5643.211037,5909.234331,7318.839034,9363.268897,6906.739755,5499.821668,5657.936365,3374.830544,1861.979809,2536.967433,2040.352315,2071.523688,2063.512471,6454.755291,6189.118021,5036.447402,6.672363625,5.142263114,2.166616197,1.482096889
MN0007,124.0079,3.133,5138.336676,6977.081864,6635.783011,6863.749306,8082.803749,7848.517297,10850.75039,12569.78416,9067.5545,6864.12833,8933.833762,4889.459107,2677.683776,3325.074734,2722.314894,2895.032423,2891.158952,8786.045628,8172.911319,6979.036065,2.170601648,1.16552885,0.71996953,0.216753779
MN0008,133.0144,6.983,1172.367989,1363.244347,1761.685027,1456.821226,1587.401021,2022.397541,2115.685666,2612.481155,2265.40383,1151.312505,1765.332515,1078.517618,432.5136177,670.5784381,446.0072959,376.9699048,498.1421675,1433.841243,1403.120044,1225.550687,15.8335723,50.77032489,45.57245552,40.79272214
MN0009,133.0145,6.7,1654.206968,1947.963234,2470.034745,2000.564121,2364.186828,2848.549367,3267.469515,3993.722283,3160.297548,1648.637558,2440.417332,1484.858327,625.3408079,920.6919983,672.5912184,538.590338,711.6181635,2040.004817,1990.860212,1748.601293,9.732408284,60.27156685,73.13318486,58.40140937
MN0010,141.0168,5.35,194.6314092,197.6600604,189.6355331,194.3997541,197.8036825,196.0060099,194.5476593,209.5125806,196.9471187,189.4488012,41.98985421,175.0865125,176.9746685,190.0325061,179.7163022,175.5655101,185.8253214,188.4025436,198.0560689,199.9176472,102.2790152,218.7821999,194.0629388,204.0883615
MN0011,141.0176,5.717,14992.87172,14773.91718,14918.58156,14843.17006,17019.91701,14661.29245,16210.93572,16018.13789,15309.71058,14969.58839,13786.41601,14513.22632,15052.76033,17250.47552,15973.86774,14530.55418,16327.98201,13737.51871,16573.51541,15804.94094,76.50891669,111.8169966,86.37826524,80.81674231
MN0012,146.046,6.733,293.6999837,334.5080233,266.6696478,252.4953138,367.6911851,313.2882099,367.2320923,431.8581313,355.2486754,251.3770198,266.2441339,260.7540817,271.6225877,294.0830021,267.6882102,260.4492306,300.5894285,237.3822937,315.6028454,258.4987973,9.795781764,10.45880349,8.449407879,7.721145142
MN0013,146.0461,6.467,733.8074901,814.1116413,838.0873071,711.9835958,996.2589401,994.7597691,1074.175341,1192.707734,926.4864162,622.0309913,840.1086247,781.4747788,562.9519842,693.5885489,613.7389694,474.3725764,670.9474775,579.9339527,764.1458648,655.9880746,8.6826094,11.75088815,11.73554875,11.47685409
MN0014,151.0265,1.517,2955.679679,2498.110501,2116.455812,2776.850585,3290.961052,3485.067785,4086.814969,5300.603948,4029.783367,2332.931315,1497.547488,624.3377444,1064.52137,1543.05781,1006.220924,942.7782521,1090.471609,3036.285007,2627.845383,1818.614359,7.972015805,6.103365474,5.376123895,5.921501839
MN0015,156.991,5.367,1051.161849,1513.908557,1322.415578,1405.386392,1719.897909,1629.907518,2350.931367,2994.657204,2190.50639,1481.483394,1442.17308,591.3724678,565.8596112,1079.916542,547.3987282,465.3920529,632.0993666,1827.053869,1666.485044,1371.177289,13.92550369,18.70694679,16.86271507,16.03949658
MN0016,191.0202,7.8,5383.068177,9895.174634,3191.357909,7468.102087,8399.044708,6364.891109,5275.030757,8076.518448,7439.509873,7654.551266,10815.50405,1147.597212,2961.792425,4730.078599,3481.009252,2533.269145,2786.280996,9348.888703,8078.5344,6332.035566,329.5841647,519.2921431,647.5610906,462.6299901
MN0017,223.0208,5.717,5543.918909,5695.322349,5665.852382,5657.151367,6507.200223,5751.622604,6324.291294,6184.427178,5991.679963,5712.966975,5720.751842,5500.871439,5690.618613,6795.177912,6316.058854,5444.388322,6446.771162,5195.327393,6462.723429,6030.328105,16.9445059,18.22727757,16.7548514,15.55031223
MN0018,234.9234,8.033,175.9453738,150.0993048,200.0644312,159.6920948,182.3165858,223.2206666,166.717258,181.9619996,223.6790486,155.1574696,179.2032561,261.0487052,177.7034064,204.7592925,191.9553673,314.3493949,209.1965743,150.5282392,166.7551648,162.0323064,122.2105038,200.5192138,183.5732277,189.9217471
MN0019,234.9237,17.9,1310.218624,1523.493527,930.0612338,842.7772556,1539.354424,578.6849718,1488.047673,1165.580791,6998.789799,1295.976239,804.5750695,1371.652471,1384.188472,1016.254145,1216.827159,1736.34455,1276.28243,1470.893219,852.577615,1964.029399,448.0568018,1059.327754,1349.421734,2048.823603
MN0020,234.9239,10.05,1274.341439,1358.130506,1352.463972,1643.492142,1384.59422,1724.132683,3371.229127,4364.414132,4420.277514,1275.916768,1168.605166,1016.752777,1857.212463,1714.606553,2068.179905,1207.27142,1681.549663,1247.668443,1592.715287,1031.919674,1931.03947,1187.272462,1511.343939,1446.4523
MN0021,234.9239,10.65,5134.022566,3553.555396,1206.514164,3128.094316,4548.668521,2863.822112,3641.019658,2085.315286,2273.882284,4997.700896,2266.834754,1072.24171,1107.993583,2160.435969,1695.432053,5328.354117,7625.071192,3133.555134,3271.856349,4285.32593,3256.212754,1625.695581,2796.572767,1231.581358
MN0022,234.9239,11.383,6206.366688,1411.027291,1831.741098,4088.562964,2062.161352,3489.873683,8106.856622,2362.492593,2080.704183,5219.873637,3766.286667,3542.782431,2595.211048,2831.024374,2245.310634,5164.681761,1790.319891,2516.046159,7456.269491,3220.307969,1696.35216,2418.217274,2425.381757,5048.981526
MN0023,234.924,11.9,2689.763429,1938.492581,4443.458924,5522.084322,4637.415204,3489.268311,1798.89983,1902.567848,1377.339136,3774.312073,4015.528548,2310.745145,2587.952466,6239.054601,4250.416972,1779.146964,2441.101019,2112.656005,3322.614257,2265.705142,2134.736757,3220.118444,4657.565177,1219.698786
MN0024,234.924,12.333,2198.989059,2445.866123,2513.058249,2051.051228,2488.839117,5689.299045,4040.700513,3683.205035,3303.811267,2960.439925,2252.560275,4118.70165,557.0269632,2935.699955,3475.863799,2668.036922,2430.297506,2358.589912,4567.562507,2254.43422,1771.143822,1483.455874,2237.854122,2873.451727
MN0025,234.924,12.683,8412.44453,3979.173423,3415.756208,4317.817768,2926.399444,1992.193598,3146.736695,3257.610559,1977.940021,2423.840748,2502.742608,4208.667857,2561.77329,4784.397212,2683.588561,3121.54686,3314.997073,2950.940919,3081.75109,5616.314722,1965.200321,2634.008288,244.1148744,718.3744411
MN0026,234.924,16.917,1705.398145,3218.156504,3152.242729,1624.908026,5278.959603,2843.330191,3981.383711,1493.232177,6368.016262,2120.191532,2584.85232,2436.23176,2225.725581,2421.156444,8741.121577,3556.202185,2226.36163,3159.666987,2282.062426,1988.74328,1508.863751,1491.17038,2316.475473,5693.371156
MN0027,234.9241,12.983,2511.722923,6137.266137,3228.873005,6786.564606,1669.776923,4721.864333,5122.111677,2390.224833,2115.233299,7060.244227,4269.30295,1834.654372,262.6940468,3892.422612,456.8742498,3189.916316,5119.736678,2610.452576,3310.098026,2608.592432,1573.2431,3422.979328,1838.680367,2369.589113
MN0028,234.9241,13.333,5215.161033,3321.759436,9442.570887,3336.12886,6207.329642,12890.26153,3293.712193,2968.035616,2208.62988,1993.164808,1631.539281,4054.748651,4430.043269,3182.573022,4012.986668,2531.375163,2112.458217,3287.221856,2287.153189,1955.551954,3445.888513,4246.462411,4854.613417,2451.927518
MN0029,234.9241,13.817,2268.354938,5166.789262,2237.607479,677.0352452,2710.879688,6609.62454,3740.540588,2294.796456,12437.13088,3678.664764,2609.348563,3961.322672,3182.415695,3148.834075,3682.329279,4943.305589,2007.883611,1834.523965,2435.991017,3265.544398,2790.445103,4091.8957,3322.415781,2429.255837
MN0030,234.9241,14.2,7426.700296,4077.494832,9097.654629,3617.654502,2298.399147,1488.070867,3785.597354,2546.060529,3056.18723,3817.509973,3588.51429,4085.92623,2265.492446,3778.681173,3017.100157,3745.277732,3981.718065,3621.770229,2639.862144,9466.786476,2392.875582,3324.223333,2199.183631,4488.054891
MN0031,234.9241,14.5,5691.230486,3101.195364,3970.839501,2760.049789,7446.141199,2343.666433,8650.665809,1986.34128,4139.24597,2541.365395,4150.473885,1552.191716,2306.042684,3411.674336,3407.769883,3598.563877,3381.352149,6559.529836,333.2980449,3349.68904,3952.753744,3580.548595,3365.478811,3830.953455
MN0032,234.9241,15.017,2226.270619,2813.562246,4132.821842,1619.3858,1949.464662,2378.156982,7363.363593,4986.627892,319.0513103,3139.736548,4228.683577,2023.063776,4036.00804,2205.345672,13824.6937,3544.151903,3806.138683,1915.761736,3814.040553,4487.203144,3183.440179,3846.572671,4084.762802,1884.410529
MN0033,234.9241,15.433,2210.96925,10909.28602,4126.620729,4050.27044,857.3334001,2854.582432,2049.754918,2419.311027,3041.872965,4157.348358,6302.732676,1971.535294,2746.223456,3759.005865,4149.242287,10282.67072,2676.347044,4026.464243,1946.085217,3252.695294,1864.995249,6921.704416,8832.511773,2261.579226
MN0034,234.9241,15.967,5840.62827,2942.552515,6448.774726,5708.784356,2072.917137,2865.526327,5542.342675,12249.15024,3025.20645,4625.628942,1956.859869,730.1417356,1554.631493,2049.991185,1826.489502,2864.126416,2392.36872,1898.571086,2997.751763,9226.238056,1388.658633,2769.874549,365.1408082,2671.287392
MN0035,255.2336,0.733,1139.878783,1362.575557,3028.512403,1555.374243,1609.477621,2267.062552,3920.730299,3778.820567,3765.992598,2018.244964,2068.023269,2196.030749,1840.578699,3026.72356,1929.749065,1138.069118,1929.098175,1764.999447,3760.6063,2807.807572,77.01276119,60.84444917,147.4861546,134.8707108
MN0036,266.0902,0.767,3988.815413,3019.954665,2190.874482,2621.546184,3366.41868,2464.497838,1944.71578,1920.264983,2153.841093,2413.979661,2063.858649,2064.255469,3495.820043,2101.707691,3143.415865,3936.914163,2442.231506,3411.908719,2329.568945,4595.746538,3.970678326,1.026800036,0.06039517,0
MN0037,267.0745,1.583,21728.04588,33697.0295,35892.69958,32533.75168,39269.32773,40446.73902,58193.22986,57040.206,43792.54395,41256.02309,52501.93454,20209.15945,24287.68672,35234.2112,23524.77915,18803.56949,29025.7743,59145.89588,63720.14942,51125.31695,11.36296975,3.634561679,1.774128009,3.112938283
MN0038,279.2334,0.717,455.7040711,588.8165778,1411.460723,685.1485615,676.6026084,1900.415309,2540.500718,3149.992757,2743.754572,2201.783813,4174.610306,6739.817864,1866.71306,2549.620908,1070.678303,566.6396379,988.6321858,2640.628645,4028.632001,4582.087,1.133551605,0.963023199,0.153978957,1.153414582
MN0039,281.2496,0.717,2486.520612,3184.946866,7136.812999,4455.91644,5161.584328,9576.447245,16577.02328,15392.77343,16786.34977,3659.178112,6281.469776,8672.295997,7583.634593,6630.447728,2171.920788,1059.193953,2015.233256,3606.429612,7136.661616,9608.692722,9.716261778,2.908404633,9.289990545,13.13481774
MN0040,283.1138,5.133,1190.724249,1571.248232,2719.054347,1344.965292,1513.69524,1352.030309,2541.391103,2920.545791,1562.786774,1417.878168,1681.808716,1581.590105,873.8936674,1280.12679,1681.535479,901.9316476,1058.714549,1191.537983,1344.604011,1476.575712,2.778854565,1.813685231,0.719903801,2.178339552
MN0041,289.0336,7.45,826.649331,835.7976215,698.9271452,1021.927225,1266.060742,915.442419,1550.310974,1221.525749,1247.247789,744.257023,730.7485878,202.4366413,442.9424731,673.8785656,318.3557749,297.9625459,420.0776307,1201.01084,1105.811573,707.2852734,7.71974736,7.972818932,12.07384534,7.378300277
MN0042,293.1758,0.783,1067.251035,473.1742298,459.1944934,712.0714396,1012.90555,1115.29631,709.6535335,1077.544189,618.0008101,597.4544668,650.4130904,719.1379894,1494.680743,801.2165952,1672.765397,1396.977674,858.442664,1565.941977,973.2654991,849.0088125,163.440427,147.0840759,230.995341,189.0139942
MN0043,294.8906,13.95,874.8597401,1071.776301,2546.890246,1509.65182,1867.66524,854.080432,1057.670033,2625.194458,1474.659673,1364.696051,1343.540836,1232.755965,1232.285724,1023.779373,1320.574623,1695.318834,837.5666605,1166.454093,1321.157035,1789.519121,771.5290575,3125.946325,1695.634676,1346.312838
MN0044,303.0506,1.583,1685.614572,2535.14995,2570.204489,2465.069579,3010.906032,2842.057603,4342.228281,4121.726555,3147.908165,3198.960571,3558.272182,1388.296144,1906.346205,2591.176743,1819.8184,1489.910512,2144.74334,4450.73852,4827.917366,4002.330777,3.640107011,1.22182308,0.748873093,0.596458291
MN0045,303.2334,0.717,1496.369768,1352.448098,4067.612001,1552.009695,1352.472532,4117.498295,4065.14571,5703.27692,6102.606645,2242.234416,1756.745489,1320.046712,1402.170814,1748.727481,1545.913429,915.6010887,1164.293047,1649.271952,2594.969635,2078.694749,0.189757064,0.37130671,0.049839619,0
MN0046,305.0242,5.717,16814.83503,16863.72426,17412.24893,17005.95012,19922.98214,17316.35138,18935.31744,18680.78039,17991.27791,17068.20444,18037.60359,16770.94103,17090.98352,20743.48047,18831.93037,16035.83169,19508.98116,15399.05292,19441.94957,18132.79959,0.857710224,2.199060287,0.971430787,0.580039828
MN0047,311.169,0.667,976.4318732,881.1207208,1979.60728,331.8214429,2035.659267,1063.038702,1413.091324,596.2572174,1391.038235,528.2666024,447.4329159,758.6031432,2440.577226,385.7407618,482.9966108,707.7836101,641.7249434,726.6220669,597.8728992,809.8284284,51.27166957,50.66403774,91.79973284,66.56413879
MN0048,313.1131,5.583,641.5112606,951.8162558,1582.974466,1263.753356,995.1353221,1637.490512,1342.666592,1277.301333,1076.364227,1331.152146,2268.636059,1719.52875,533.1967464,577.6401237,512.6278799,463.6274966,672.0647379,1205.816468,1463.054128,799.4326952,8.259028395,6.605233676,6.370987571,4.864205695
MN0049,322.0555,1.583,2424.347965,2446.213649,3128.438016,2235.783503,2353.649778,3411.741622,3022.783101,2753.113079,2809.963269,2646.154688,2688.190276,2513.647421,3241.807843,4569.303946,3690.278932,2544.620152,3867.18734,2307.322671,3125.375719,2359.308436,370.1309453,669.9381271,355.7552411,201.5668599
MN0050,325.1845,0.667,639.9812784,779.3957994,1758.223407,271.8596473,1958.395816,727.3696882,1219.73276,440.1862112,1264.104621,483.3868898,388.0196894,648.9319681,2128.936372,339.8051126,504.2040526,611.4904901,568.4949008,622.2893344,578.9462111,769.4952635,43.28793905,41.75942036,80.55125412,54.02683953
MN0051,327.2334,0.717,1171.270545,939.5003148,2343.991004,1090.449649,806.4848663,3380.665997,3225.560515,5680.835701,3265.909183,1200.142746,2890.912823,4628.808794,562.8118461,699.3963662,649.9447331,421.0423688,475.5768614,911.1083826,1564.813797,1438.964351,5.702432686,5.632818449,2.931131865,4.009815187
MN0052,350.9205,13.3,2505.62179,1615.418136,2436.190441,1015.828017,1887.252307,1081.726798,994.4829958,1494.774882,1067.612879,1771.113792,1171.886749,946.7395585,1426.802657,2265.53669,2822.108483,1151.795304,1614.635043,1066.741669,253.8829306,2089.498398,805.6449962,885.6246168,2686.918438,1932.771701
MN0053,350.9205,14.683,1881.852914,1859.6576,660.452639,1881.107543,2724.97556,738.0805669,1690.217837,1729.83192,1939.323428,1079.98459,730.4906866,1037.819665,1045.447441,1604.944582,1886.470004,5602.865889,3504.807866,1010.179565,1124.722387,2187.194023,369.2905492,1283.086141,1347.767186,3638.248958
MN0054,350.9206,9.817,746.9535337,7814.287436,1206.693956,11570.64274,6920.768074,5290.0009,4677.030343,5255.522504,5458.847781,2984.057258,1784.042462,1686.56668,3020.815643,6373.976348,1377.61788,3251.348861,3366.039499,6796.431529,3578.842143,5946.204281,1105.806102,3839.582715,3013.022604,5568.619992
MN0055,350.9206,10.417,7049.807243,5680.434423,2790.392273,3631.920079,1740.638916,1210.361143,2517.241757,2309.943257,2521.819134,3152.103341,606.866885,3736.844347,3389.216801,4952.144971,2912.47,1702.276535,5780.182171,2977.564671,5659.034165,6740.913713,1050.201585,3691.773783,2429.218001,2678.010929
MN0056,350.9206,11.2,2268.649851,2758.206786,1618.15139,1799.36317,1508.402583,1629.354959,1043.695105,1363.38098,1613.053377,2017.206594,1648.953776,862.297841,2115.368663,1758.197681,994.0472138,1545.240326,1766.141987,1879.569664,1782.10674,2103.744291,2097.63784,2043.378712,2831.504221,197.7823759
MN0057,350.9206,11.467,4708.973175,3310.518891,1201.112028,2455.545675,1928.914067,1580.734756,1960.828781,1758.945093,1589.650192,2674.652455,1893.599419,2044.952555,1410.190458,2505.392819,1893.322538,1740.547701,2003.671152,2049.691138,4767.661577,1508.16902,1152.806323,2070.673963,2278.002013,2670.361434
MN0058,350.9206,11.85,2017.043374,2446.674136,1107.687184,1729.148969,3691.353076,988.6067064,2337.61572,2221.271777,3934.925496,1948.34632,1384.788801,2128.31741,1774.032358,2545.970216,3137.649858,1664.146962,6414.860058,1391.444266,2164.411675,1945.896649,900.3587363,1795.71924,3618.841982,1955.60591
MN0059,350.9206,12.683,1774.745588,2680.656108,1264.448818,1498.366646,1236.411062,766.9430124,1055.056155,1017.702995,1630.778306,1245.737948,1107.299788,1672.355572,3606.836534,2853.813868,1261.253332,2984.814253,1723.271733,1159.980742,2737.538892,4922.29719,1066.793514,1149.932418,1813.418829,1890.664689
MN0060,350.9206,13.767,4038.658405,2368.584144,1134.610882,2915.698134,6315.93834,1414.260304,2546.030998,3980.773899,4893.241038,3040.413368,637.925369,2123.65679,1465.849595,910.86703,1793.161554,2103.395561,1899.831155,3508.84194,1001.388401,4779.303423,749.6843998,797.7151318,1712.806852,1174.219833
MN0061,350.9207,9.35,4436.847885,3003.915692,6734.162869,2191.778521,1844.087329,3471.082898,3828.951058,4686.028855,2086.316067,2751.490008,2696.146494,1711.71741,8124.677808,3601.667972,1805.319636,12977.81148,4006.726877,1741.702936,3119.561352,4903.435861,1428.644522,2579.540045,3245.439094,3536.866003
MN0062,350.9207,10.817,4198.393753,2307.672189,2091.319538,2188.404087,2236.531069,1963.423515,2841.349686,1933.587852,3534.525569,2843.463884,1698.37309,3147.270339,4571.623513,2575.953833,1527.611927,3533.88969,1701.702298,2755.491249,1366.341721,3177.963114,794.3279306,3155.548182,3555.384099,1659.490511
MN0063,350.9208,8.233,16736.93858,13634.74148,11441.65469,13280.88019,17742.68791,11212.33438,11744.96311,20094.26961,15303.86332,17721.65136,11593.18962,16033.69936,15830.35732,15733.54771,19318.7654,19712.25751,16314.92568,17147.67665,13358.48146,27152.47844,5855.202568,20172.77608,20893.52986,25493.08795
MN0064,350.9208,8.883,1925.862253,7513.728466,3625.757439,2182.136532,3875.743917,322.6324581,4764.268422,6275.583549,2222.033924,2953.17821,1135.112867,2974.380796,3386.178129,3914.61084,3026.885019,10496.23573,5015.076249,2954.424673,2866.581846,5974.112409,1950.53317,5147.150794,6950.250341,3236.469537
MN0065,352.9449,5.367,630.1715171,1080.055003,902.6619906,964.9200305,1278.377888,1211.158416,1971.785755,2673.067136,1805.90506,1066.93593,1004.183509,246.9622943,238.5246715,686.3129427,196.1968553,128.142554,270.7754537,1402.897789,1194.944247,916.081969,1.428683085,0.918346739,2.180808674,3.130658852
MN0066,366.0451,7.45,3748.953832,7976.100344,8538.034118,4603.769835,7324.730352,5464.848358,11259.97234,12062.98231,10342.52162,3650.722025,9801.220539,6091.56924,3388.649397,4327.779904,6117.269724,5328.965105,3836.927106,8729.952653,4347.292919,4119.017558,635.950215,1131.679429,1028.592601,1017.586348
MN0067,374.2457,0.683,3571.897124,2718.948536,3096.743205,2941.605339,3680.544925,3337.238261,3483.88359,3501.931033,2959.157372,2863.705461,2944.771055,2705.527437,2343.389779,2448.35938,2528.98564,2478.128375,2248.278446,3051.442898,3498.462391,3294.313317,0.736521762,0.150178269,0,0
MN0068,387.0267,5.717,20196.26861,20785.09077,20674.95204,20669.40845,23971.93952,20730.0613,23135.83723,22285.87566,21793.82177,20863.0392,21534.42852,20072.64703,20872.68097,25183.37312,23138.1484,19587.79305,23816.70904,18671.2102,23766.5225,22212.97041,8.585915621,9.372719909,11.17046725,11.4313435
MN0069,389.2693,0.783,1800.651128,1694.865658,2284.157287,1792.193453,2244.711939,2246.278937,2303.205791,2257.390936,1994.611247,1850.849252,2316.516353,2473.877716,1671.890303,2506.741977,1856.173176,1875.824787,2275.793378,1487.512542,1826.432488,1992.352246,1.78716259,7.316036489,0.631166145,0.799190794
MN0070,389.2693,1.083,1257.026564,1329.156522,1433.952769,1459.781941,1546.933089,1351.369067,1356.875471,1387.646395,1287.27346,1259.601793,1443.597811,1470.916732,1240.527544,1406.256099,1430.106358,1251.903345,1493.460249,1162.101515,1444.912844,1225.460417,0.666834564,4.259440219,0.679209781,0.372572511
MN0071,390.0561,1.05,1940.110067,2071.485863,2225.847606,2163.434142,2215.050841,2074.096161,2063.521205,2147.06688,1997.397116,1960.128575,2269.419932,2515.131671,1845.471195,2211.396633,2169.497127,1973.740323,2223.17937,1748.895877,2218.203291,1908.09519,21.01051135,39.75251283,40.76828689,39.49273649
MN0072,390.0565,0.783,3587.187018,3230.669699,4487.232742,3362.276663,4362.352598,4171.215794,4425.462384,4085.109666,3765.676376,3538.358106,4284.859534,4206.494682,3215.107694,4507.962305,3528.706778,3745.104499,4296.227218,2801.98398,3582.570333,3816.065211,20.44971943,34.79678364,32.95401357,33.13079557
MN0073,391.2852,2.983,3208.629186,1858.70525,2093.619691,2182.039148,3332.267514,1821.220006,1750.074633,1599.342864,2534.868159,1813.950846,2524.546648,2203.760051,1347.048381,1936.418047,2351.561681,3753.284964,1809.530114,1263.227873,2571.745387,3584.613742,0,7.363767081,10.58278889,18.57979464
MN0074,391.2854,3.233,3243.079413,9262.383825,1636.652673,1771.244776,3398.933255,1346.498211,1456.520602,1230.734966,2538.866443,1745.56745,2198.521138,8135.670617,1418.979688,2242.920727,2438.760491,3610.882345,1842.97844,1117.261793,2702.033969,4002.154322,0.122425093,8.899163213,12.06400475,21.79894822
MN0075,391.2858,0.783,826036.6733,699562.9987,946213.2293,670222.033,904282.3409,822100.0175,975532.6915,910985.5165,790673.0605,718540.7413,969023.0749,857732.7476,712051.3104,1026203.801,785623.7243,758846.3432,945158.0225,635426.2081,732331.5414,855425.8908,0.287440697,82.02748887,39.99364285,59.37321759
MN0076,391.2859,1.733,22415.39034,20280.68027,20088.27821,19506.8671,23940.03471,16542.19063,16336.81273,15797.49397,17229.94662,18582.41549,18362.21246,19759.9417,16931.82456,15988.65637,21943.28185,26375.22654,18658.85163,11767.44425,19255.84849,19683.75113,0.090064437,8.046284771,11.14774092,18.58424308
MN0077,391.2861,1.05,444410.4971,447719.5097,493966.1216,491691.8588,520200.8653,467208.0419,461388.5108,475122.9014,446530.7158,443136.2751,501854.1574,556891.4766,422159.4286,495868.8851,476120.2417,438669.8643,504858.8906,388564.9122,485755.5826,446009.2428,0,86.07198842,7.848890568,16.72232501
MN0078,391.2861,1.433,72787.7791,73279.75434,79442.65737,71853.34091,80494.54995,63583.82581,60427.60122,64063.34058,59112.73134,67692.2776,71010.0327,76457.41049,64625.42819,63910.89249,78449.10429,77816.09611,79626.55593,48181.15643,73572.95126,66426.01465,0.211073428,15.1169713,13.61781145,22.22675486
MN0079,407.2799,0.817,7948.379769,8986.356412,8242.624754,10541.75551,11747.84519,7238.737071,10041.49347,9009.625897,7764.213567,9471.600699,7618.941049,7730.372594,7800.35422,9369.627506,9610.432557,8726.114218,8559.552006,6725.717739,8954.906661,7928.65914,0.253879297,1.685399259,0.220479175,0
MN0080,407.281,1.433,22412.30852,23367.75832,29231.47453,29315.81215,26676.15228,22322.0577,20378.59531,22581.87079,20254.72593,18946.02764,31857.54368,34013.42559,18601.80148,19512.2425,23568.84075,21535.56178,23610.73503,15620.98937,20986.30758,21015.09166,0.120030336,3.784078622,0.625868125,0
MN0081,411.0932,3.85,942.1520191,1201.266366,1536.24995,1152.269182,1277.469474,1820.290093,1783.65858,1950.397605,1650.825347,1140.595892,1854.336412,1127.86425,500.7268848,761.6136932,571.5622108,520.0822944,691.7306898,1340.987919,1457.934215,1155.156777,1.138782747,0.12286018,0.217245137,0.867272666
MN0082,411.0933,3.5,2964.895085,3437.149929,4007.228192,2950.202302,3158.76246,4714.117463,3758.195399,4033.171663,3838.442225,2812.119427,4234.297918,4004.8414,2862.724325,3853.880226,3254.348906,3378.233856,3555.260713,3130.738701,3166.3878,2581.882778,1.541026076,3.693313335,1.914994389,2.627928118
MN0083,411.0935,3.2,3542.527071,4664.190604,4650.083788,4763.965544,5010.228195,4954.754548,5456.197003,6204.872498,4633.690049,4296.194917,6516.292418,4267.164271,2785.694116,3449.879573,3085.343495,3135.790125,3402.062368,4757.506676,4473.35956,4653.332521,2.23562362,0.652275483,0.870215461,0
MN0084,417.1481,5.15,1384.133823,1969.56119,2480.274633,1980.540446,3316.476732,2813.655981,2892.44196,3166.252804,2816.071842,1973.891503,2776.859146,1850.574948,733.8437056,1213.386105,940.6428203,1465.594508,1054.108161,2390.249814,2321.054412,1797.419369,0.744544293,1.16726522,0.793162313,0.523406704
MN0085,427.2616,1,10116.79296,10088.34026,12627.50111,10743.15164,5268.021543,6495.355986,5054.029742,5903.33302,5656.768603,10143.53113,14038.66936,14542.27902,5842.655531,6190.401169,6674.179354,12298.89408,13318.55817,8369.984379,11625.87185,11228.89486,1.217800964,1.02018314,0,0
MN0086,427.2624,1.583,17231.01037,13871.1231,14047.51781,12529.95465,17596.88196,11330.10837,11335.04943,8755.191141,11068.42541,15067.41097,10412.98935,12168.26316,20554.50258,22817.88054,24694.79625,23257.19562,22344.96996,8361.035916,15646.92795,16450.56573,0.427868893,0,0,0
MN0087,428.2649,1.05,2722.27762,2730.58035,3404.615156,2937.265562,1435.933045,1756.79792,1448.04729,1657.456041,1388.584705,1470.912159,2048.079848,2150.928799,1617.713766,1663.520706,1770.594248,1856.661032,1951.013158,2307.154382,3134.123534,1705.7862,0,0,0,0
MN0088,429.2595,1.05,3801.961276,3763.13739,4690.578862,2386.557828,1980.5738,2383.044689,1932.462828,2186.517188,1959.800195,2005.98208,2818.071732,3024.907325,2167.675765,2425.366387,2447.574954,2810.478199,2590.254094,3162.443576,4317.894736,2370.701946,0.424849445,0.276219959,0,0
MN0089,434.2658,0.683,606.1189874,438.2753268,472.2539951,536.4952603,635.1780668,601.4542764,619.511212,567.0027659,467.7010431,493.414728,478.6470515,486.4729848,406.768599,391.1925208,420.5488929,394.2614557,378.2803685,500.9395937,595.2313209,506.5106979,0.360841217,0,0,0.185701301
MN0090,443.2575,1.567,14800.80947,10481.87976,10711.33649,12774.59971,16997.69416,9758.486088,11368.00924,8719.049411,10886.87234,12329.79738,9531.112425,12457.06571,17809.6142,22879.9106,19770.07636,15576.90782,19193.37617,8279.787511,12289.45486,13190.74605,0.258746379,0,0,0
MN0091,444.0318,8.217,3081.606125,3332.015837,3206.629052,3156.700873,3116.08488,4037.851574,3250.170055,5875.719015,4049.075032,3330.540403,4083.358008,5156.242961,3202.457463,3854.465808,3350.952695,3031.897378,4282.977572,3175.775515,3526.809371,3064.670196,3569.069312,5072.434798,3977.652132,3007.329693
MN0092,451.3061,1.05,1707.019759,1953.549245,2288.092042,1932.554916,2077.859265,1968.568377,1892.558056,1857.892009,1836.704353,1906.497246,2101.640903,2220.76015,1784.369233,2080.090084,1970.91039,1743.554641,2025.15031,1604.444387,2092.461378,1800.209343,0,0.345775223,0,0
MN0093,451.3062,0.783,6549.942642,7568.379471,8119.62264,7093.721358,7841.06188,7630.607506,8071.313659,7461.858826,7575.675767,7165.324196,8075.108466,7742.204215,6072.168391,7983.469667,7421.315666,7363.970191,7501.68287,5541.055332,7311.650475,6929.360741,0.455159497,0.605653371,0.108389543,0.15394017
MN0094,454.2804,0.85,3689.965631,4572.177326,5272.095623,3520.832164,4399.768471,4845.570806,3911.283541,4243.019728,4440.069774,4667.396428,4947.260033,3993.94592,3878.792358,4566.235524,3139.672773,3531.674507,4187.278911,2488.984253,3497.344158,4261.363354,0.715308965,0,0,0
MN0095,454.2806,1.75,125.0531049,529.2635579,120.532069,114.7368433,124.523814,102.6400341,78.21461275,68.55245735,87.48236666,105.04407,113.3277248,138.0932128,116.5019191,111.1238291,153.1149056,205.0936283,135.5015801,67.16449653,110.7658988,131.227696,0.253115702,0,0,0
MN0096,462.0423,9.033,1116.325668,1749.326977,2181.996734,1105.251605,1707.336982,1910.300631,1975.198225,1928.258338,1315.681819,2658.720208,2819.086119,1993.330557,1676.405377,916.9042959,1923.831227,1695.091078,1179.635843,1862.187539,1873.769628,1737.819626,2453.185547,1868.002236,1732.211636,1694.107222
MN0097,462.0426,8.233,6534.863233,6954.312649,6487.328835,5952.182389,6397.355085,7850.651347,7458.919094,5238.392623,8576.919919,6480.952989,7084.626594,7041.085602,7724.715262,5818.250948,8005.154428,7474.966757,7623.039901,3099.252415,7124.685865,5761.549421,6595.769693,7714.971881,5963.849823,6107.809672
MN0098,465.3216,0.7,560.6642291,401.4045543,863.788139,669.6756243,721.8419714,375.2449093,902.1615327,385.4137025,992.6603698,777.9784561,710.5059571,572.5455242,434.0785255,861.9141544,751.4915039,470.9931996,682.1944958,682.0492127,1309.021513,840.2048839,0.124058717,0,0,0.289556821
MN0099,469.0299,5.717,19087.52518,19538.42933,19393.55386,19401.18869,22674.16532,19346.07754,21627.26876,20762.08173,20336.27654,19601.59578,20205.00766,18952.94734,19736.79531,23891.85875,21955.06085,18475.72678,22562.50295,17443.33204,22501.61826,20933.02646,2.213205796,4.814146088,3.963785384,4.043456471
MN0100,473.2875,0.833,1133.082518,1160.752315,1227.596478,1351.046323,1251.895253,1306.236765,1252.143721,1182.930971,1128.555857,1165.327064,1226.409405,1205.317155,1173.614896,1363.045565,1308.270812,1320.617463,1396.350558,1207.687488,1269.867802,1276.610683,4.198270036,4.422317996,0.136083956,2.026527411
MN0101,473.2875,1.083,1361.67942,1321.24025,1195.32959,1194.625703,1308.400162,1186.996524,1171.791733,1231.090464,1179.672815,1252.688116,1203.377646,1271.082871,1273.9905,1134.031846,1216.515102,1155.12175,1170.385129,1119.192127,1286.435404,1200.050634,1.960510239,2.011671504,0.261545739,0
MN0102,476.2629,0.917,996.8593145,1120.661386,1228.135923,973.4687961,984.9990046,1151.67181,865.2613387,1150.638986,896.4645433,1051.27879,1344.743636,912.4958875,1435.697585,1097.124863,1147.597249,1083.581136,1488.066213,1021.357564,958.2975435,835.7438323,0.231356292,3.40397977,1.24823873,0.760509203
MN0103,487.2726,0.817,1548.451285,1696.994723,2488.849713,1778.003933,1778.677957,2496.880325,2293.887678,2554.973362,2445.455243,1865.70897,2544.498019,2485.697509,1641.216126,2349.333066,2106.5495,1797.647468,2591.054636,1605.113843,2136.875348,1866.854284,1.748829777,0.952005965,0.130057567,0.251811674
MN0104,487.2726,1.05,1892.382738,2139.615629,2693.418423,2061.663937,1962.758536,2549.54301,2034.687927,2175.53086,2055.150304,1967.292934,2600.706217,2416.260225,1968.78105,2057.352756,2194.647554,1950.928688,2368.980978,1839.069428,2376.339299,1934.943325,0.291437113,2.189448857,0,0
MN0105,487.2728,1.417,531.9168567,545.4911925,817.868534,554.3426531,525.6927367,634.7940358,461.2990549,447.0892469,459.6219671,487.9726402,688.3777089,702.1738917,511.4805663,551.249936,707.2048647,643.0813731,724.4526908,384.0032436,572.7621593,527.5461831,0.295616451,0,0,0.208182753
MN0106,487.2731,1.767,216.8171936,194.7802872,242.9084329,200.1906816,222.0286283,200.7605047,173.1494437,158.9021368,171.6959328,183.0737563,232.8343316,247.4379363,185.5160311,180.9139827,243.7537753,303.778751,284.9158533,128.7292629,195.0820894,197.2135632,0.217301269,0,0.157564282,0
MN0107,493.3537,0.7,1922.065524,2285.571313,4036.476633,1771.684414,1687.096481,2095.742316,3104.833751,1079.44344,3299.420862,2599.108097,3224.748952,3215.959383,1956.427863,2681.250989,2844.052367,3140.746887,2597.088003,2083.516294,4692.105194,2742.629835,0.248995262,0,0,0
MN0108,499.0509,3.45,191.965296,337.9306383,242.3476415,366.5880872,452.5558601,297.9509365,622.4865982,867.6243354,522.8073569,339.0808799,336.268016,98.28617472,36.92864824,55.43939705,25.70997572,34.84999769,34.83628369,561.842028,455.1619865,371.0754971,1.638493421,2.849522697,8.534949818,8.999321193
MN0109,499.0515,3.133,759.4493795,1329.068724,1189.914211,1343.033901,1416.323675,1497.686838,2126.235563,2703.061604,1788.711632,1233.595992,1622.059586,697.4599945,344.861487,421.865572,273.1335595,320.6389285,345.4029799,1809.129625,1579.997947,1121.798892,0.441015771,2.882892576,4.490212334,5.07027789
MN0110,524.2817,0.783,511.1446581,642.8602668,883.5721421,510.129658,765.5503235,1244.68385,1379.406216,2415.056203,1114.577736,877.0607784,1745.524404,1271.668059,546.0550779,1088.048469,496.9850744,603.8314243,630.9697798,1021.290359,1969.396967,1674.446703,0.239407708,0,0,0
MN0111,551.0334,5.717,23770.10436,24521.90232,24617.15971,24009.28191,28806.23724,24763.87691,27508.32086,26213.71315,25688.41742,24558.64662,20723.79892,23839.19328,24919.39578,30600.92772,27739.53335,23357.63303,28477.5089,21630.94342,28564.54662,25984.8215,0.223673946,0.370423398,0.345373131,0.1482543
MN0112,555.1543,7.133,2293.533127,2320.821046,3420.953587,2409.854282,2073.221186,3636.618699,2696.737244,2571.982657,2686.912339,2192.463688,3532.418056,3500.139696,2509.740446,3008.985855,3155.017991,2383.322122,3483.884277,2104.391134,2353.061472,2179.004208,6217.563396,4087.421116,3622.240773,3271.812785
MN0113,555.1543,7.95,2920.271542,3804.047577,5976.006248,3819.781864,3214.050279,4529.615265,4558.203148,3484.753069,6813.878566,3624.953674,5937.607571,4137.281273,3027.324792,9129.410307,4138.879332,6017.40689,5030.421681,6946.86924,3628.901917,6611.204562,11013.8753,6038.983544,4798.810769,4198.381452
MN0114,624.0672,3.133,432.350799,739.4200103,662.9434637,744.0685685,780.5700074,819.4777476,1151.289938,1516.327464,986.9437955,678.5517251,910.3678567,382.2915114,199.2975677,248.5480556,157.0785658,190.0080303,198.8548357,1002.239364,872.5202702,628.9917605,3.001047758,0.388249927,0.219995345,0.280921739
MN0115,633.0374,5.717,21096.96196,21804.10638,21964.64699,21591.89877,25700.8375,21892.5089,24638.33319,23469.68802,22908.19709,21830.99616,22831.97736,21293.37856,22054.5154,27798.37808,24986.72878,20387.46447,26097.00483,19186.85893,25456.52137,23332.28415,0,0,0.067004807,0
MN0116,635.356,1.117,7172.419035,4592.084416,5205.562286,5699.318542,7134.9623,5620.630782,9573.000216,10322.99233,9137.136842,6889.686215,5153.312963,1792.389749,6152.606219,8637.609737,7165.499116,5985.87239,7780.86687,8903.134062,9942.741104,9118.52065,0,0,0,0
MN0117,656.998,5.717,840.3501731,807.9504011,755.4357384,811.4383146,897.4898766,722.5145758,817.8949566,748.6905541,760.1749666,825.0475507,750.396995,764.8116466,862.769462,843.2016288,903.5269815,871.2536338,834.0022548,748.8510415,890.0895819,878.5511215,0,0,0,0
MN0118,658.3839,0.783,9699.039931,9390.252246,10828.58556,9294.086956,9906.168897,10536.08801,10579.52276,10563.28849,9488.542119,10144.65764,11791.66231,10834.07023,10173.78957,10498.60641,9774.991013,10048.16816,11276.69193,9124.145363,9971.56531,9016.722564,0.316624547,1.479946881,0,0
MN0119,678.3725,0.833,10495.89376,10484.56737,18882.45426,11191.66931,14116.91693,23871.10252,28673.18292,17720.1197,16063.81581,11901.29278,24866.67703,19889.71382,11206.46908,18876.05655,13826.9075,11463.83866,23835.33955,10597.06893,14393.69747,13530.84592,0.361017744,4.677426983,1.003671578,0.513503761
MN0120,678.3725,2.917,294.373803,222.5689799,279.4524402,549.0319725,294.0368407,720.5928789,158.9775485,176.4769382,308.2724818,476.0119226,692.4608093,319.4143258,150.6784046,256.7625034,617.267415,698.693184,122.0804932,152.0794533,296.2109672,306.0422868,0,0,0,0
MN0121,678.3727,1.817,823.3238124,3508.963535,1187.198568,1087.562444,910.451054,1108.622122,973.2109342,845.6358959,978.501421,655.2586842,1004.071195,1158.658923,749.7556946,950.3258581,994.9965249,1060.806551,1141.19355,528.5644842,929.4991486,731.7986859,0,0.531656028,0,0.221813092
MN0122,678.3729,1.383,2265.067186,2054.64059,4301.976224,2534.290475,2462.014092,3470.811002,2662.19489,2573.414975,2782.500667,2475.033764,3520.609499,3402.988244,2121.637253,2782.310433,3212.545897,2553.214631,3588.865313,1869.382432,2594.651117,2168.358743,0.049885773,0,0,0
MN0123,694.3671,0.817,1020.025762,1211.399129,1391.781688,1184.926706,1320.899348,1360.58561,1442.272739,1474.009374,1330.141037,1156.181323,1344.913347,1421.034592,1161.913557,1434.134292,1485.594886,1055.501901,1471.653295,903.3603145,1306.885106,1037.77496,0.265018918,1.143216043,0,0
MN0124,694.3676,1.383,1437.419513,1774.055252,2372.253433,1814.412597,1826.57305,2477.363955,1775.611481,2796.725157,1984.456685,1500.480952,2611.283502,2401.281499,1291.280601,1614.874053,1957.095852,1419.874791,2091.498905,1159.898239,1656.456282,1393.673472,0.086233127,0,0,0
MN0125,715.0413,5.717,18343.33073,18778.48296,19328.09009,18698.92624,22684.56875,18912.86061,21280.55179,20477.73314,19791.36901,18966.10374,20158.17984,18637.06511,19145.66053,24266.85914,21647.46018,17662.9551,22766.08686,16463.89371,22176.50505,20153.07471,0.486929461,3.14106322,3.08177944,3.710472245
MN0126,722.5141,0.783,2030.130399,629.205885,1265.295426,960.1209201,1424.179608,838.0115179,1386.298817,1024.94988,1489.950799,1446.676029,376.292194,29.89146772,1204.127801,987.9813073,1405.374023,1202.55878,975.1209653,641.6644503,1339.134483,3089.107048,0,0.189696698,0,0
MN0127,739.0017,5.717,1087.235367,1032.574715,958.5853448,1060.427882,1165.222428,926.9216328,1079.078833,975.8600046,985.1024866,1054.520858,970.7707949,978.4863077,1115.746474,1118.081923,1187.371427,1111.700922,1114.14036,968.6927431,1170.862885,1114.462502,0.033583595,0.517356853,1.400838106,0.739191611
MN0128,746.5147,0.767,2008.512055,1284.532543,1808.313557,1456.497076,1565.783076,1559.001183,2236.136025,2086.749624,1699.951927,2132.056924,3245.239706,378.575548,1275.525644,1044.21288,1204.833734,1168.682432,930.0475493,982.4247236,2187.376938,3805.652439,0.173793597,0,0,0
MN0129,747.5187,0.767,1269.787775,1185.78748,1522.35557,1045.731714,1314.584205,1405.709142,1885.728617,1756.207978,1525.56747,1544.505728,3162.159747,939.1741937,807.4798336,954.1200822,851.5376947,795.3251315,655.9297854,1135.613335,1795.092739,2360.531403,0,0,0.208433568,0
MN0130,748.5277,0.767,2156.698276,1093.177545,1767.704516,1392.511095,1829.412996,1331.268587,2096.923806,1778.12614,2079.990666,1363.989904,1641.505888,430.976174,886.6072914,794.918824,934.3961816,823.6146773,726.09672,777.3258641,1260.796553,2301.247214,0.513123832,0,0,0
MN0131,749.0832,3.133,668.5001549,1136.173184,988.769358,1137.867851,1199.258396,1256.706074,1767.175241,2333.457873,1476.63951,1051.225181,1346.534937,589.3111967,304.9845387,387.4703155,238.5438276,297.9096026,308.2245652,1498.452946,1309.757288,966.4171858,3.576436004,6.621526761,4.037111827,4.983244763
MN0132,750.5438,0.783,1406.546416,425.48414,870.981249,725.2272896,944.4573906,623.9005584,1122.688772,801.7937272,1204.709154,614.6754525,372.8187355,23.56364032,535.3378295,483.6707934,696.2664198,558.8991058,514.998179,335.1041195,668.5697135,1417.574248,0,0,0,0
MN0133,762.5102,0.783,1098.933495,1064.910637,1359.062992,980.0142128,1261.429548,1338.640546,1693.278868,1771.522927,1246.013282,1420.34607,2551.528107,504.7344853,650.0699512,624.429495,656.65256,591.6398034,470.1317206,900.0739309,2014.260208,2682.098978,0,0,0,0
MN0134,764.5246,0.767,1204.82686,938.1683599,1304.108301,933.3705869,1569.565299,1007.842902,1646.906594,1404.537058,1592.781809,1008.837471,1084.989502,178.7101007,581.1640221,475.1734772,544.8952181,563.7368211,448.4230772,586.0677947,1161.876561,2232.87732,0,0.492140791,0,0.115742095
MN0135,765.5684,0.75,1426.967553,1205.26897,2731.92333,1411.705709,1819.563985,0,2278.959569,829.8424528,2245.324421,1713.615537,1992.1754,1495.561949,2071.252136,2277.358773,2694.848273,1769.252271,2282.901796,1476.416888,2719.722316,1194.720812,0.455463833,0,0,0.25417908
MN0136,766.5427,0.783,2742.245032,1994.771729,2819.218414,2024.175111,2967.295367,2179.063561,2825.659879,2914.304417,2354.603111,1754.925105,2332.889899,146.5684391,856.4158076,1040.373328,1138.441865,1233.610111,660.4641905,844.9499048,1875.273573,4448.598613,0,0.366220898,0,0.586437343
MN0137,781.1039,1.05,1026.419215,1027.112992,1309.902458,1160.063016,1152.77918,1159.636442,1035.914601,1028.165347,970.1930581,1045.765267,1266.836084,1481.42512,937.9651091,1161.753917,1108.227767,945.9003513,1293.96627,840.7949529,1135.919002,955.6499459,5.361496856,19.51629791,20.20090224,20.80890733
MN0138,781.1048,0.783,2836.931216,2845.889376,3646.535306,2984.778885,3767.504868,3567.141089,3860.038346,3279.128298,3198.860613,3127.063784,3780.47936,3613.809931,2673.064013,3579.514958,3155.839579,3358.985447,3634.28314,2270.275177,3099.362811,3147.190427,7.674603792,18.33806647,19.22045642,16.58703813
MN0139,781.5636,1.067,1135.651535,1123.279345,1487.348744,1333.05038,1328.030871,1263.208788,1161.40101,1182.329409,1093.955139,1144.735176,1324.286514,1615.591041,1060.894825,1301.135525,1270.03053,1041.202685,1434.824911,915.2077719,1252.220602,1089.682825,3.378771062,0,0,0
MN0140,781.5637,0.783,2895.859331,2934.621489,3527.951587,2992.770656,3971.29316,3754.683356,3778.446906,3424.977951,3292.963392,3109.519009,3878.009935,3671.906006,2671.675671,3723.879784,3218.29718,3282.424953,3640.182267,2315.018968,3297.958787,3331.03124,1.134294306,0,0,0
MN0141,783.5799,1.75,468.8719413,420.4267497,399.5904761,380.6716856,506.427316,279.6461296,254.9818125,2431.999173,299.6094469,3177.760086,336.5427313,434.5344033,284.4974653,285.2779483,496.850638,671.8050787,388.6999408,168.0031603,358.6283125,407.510526,0.664551441,0,0,0
MN0142,783.5809,0.783,775949.9969,739522.7606,910476.5413,752267.0634,971921.2711,891368.7721,964060.6185,864035.0421,805137.9891,788378.6513,947188.579,902526.9243,694802.0072,924809.0467,814214.4027,870118.8402,910436.4844,597159.0008,813806.1957,812466.3073,0.197055332,0,0,0
MN0143,783.581,1.05,238055.8752,232915.3272,310258.9934,280361.9697,267433.9856,269327.4632,240749.6336,251037.4648,236889.4331,250725.084,283848.025,356948.9263,218083.1495,284840.4646,271774.945,224322.2121,306612.3943,197878.3408,269316.0778,225089.7612,0.931184231,0,0,0
MN0144,788.5298,0.783,1449.675851,1348.14454,1840.191541,1169.91459,1685.236048,1533.807532,2000.328345,1973.613733,2233.844977,2092.824518,3483.552827,637.8270817,740.2232876,1099.208069,1280.22181,1230.248617,940.2610868,1500.475521,2582.29722,3819.574615,0,0,0,0
MN0145,797.0446,5.717,8886.66242,9227.625438,9378.943856,9130.472207,11044.39717,9228.370292,10465.53881,9957.410138,9676.404345,9291.20687,9616.085814,9026.489577,9370.266962,12009.62031,10724.57747,8619.910963,11276.60881,8000.537371,10839.91725,9839.921855,0.958498351,1.379622864,2.439405678,2.640148203
MN0146,797.5583,1.067,370.8958468,378.799043,413.6670193,349.1127009,461.9046699,443.6881409,393.531245,0,357.7658173,336.7338675,475.6198362,451.9266922,270.9228051,394.935942,346.6645178,341.7874848,406.2596945,207.660167,328.5484942,342.8437095,0.573667183,0,0,0
MN0147,797.559,0.8,811.359837,829.0606109,1026.270388,862.222248,1065.189697,992.0200822,1039.241623,1023.354047,918.2869298,850.8874897,1038.922907,915.464604,719.9049826,1042.753463,890.6892094,853.4877009,1012.409443,619.7572394,974.0705421,931.8869224,0.559041921,0,0,0
MN0148,799.5748,1.067,1576.325179,6650.56157,8158.783163,6981.874618,9988.37793,7540.669119,7576.609695,7650.860653,7741.355359,6030.073819,8809.413856,7199.938721,5503.917404,7520.121323,7077.268885,7612.012395,7774.829073,3950.75784,6724.57272,6851.002269,1.651343136,0,0,0
MN0149,799.5752,0.817,20962.67374,21518.08161,23982.5684,23175.56006,26343.03496,22663.95143,27126.79565,25116.61677,23423.84176,21216.53402,24037.51179,24920.57337,18951.80651,24866.62959,24505.2239,20435.20312,24962.1882,14537.57312,23377.28848,22416.00485,1.212150224,0,0,0
MN0150,799.5752,1.4,2636.996462,2734.967612,3513.673973,2837.288688,3369.149166,2403.564328,2094.061457,2022.334149,1934.037603,2316.393164,3195.022145,3832.17889,2159.747369,2437.64167,3609.016461,3242.963953,3523.574251,1305.266252,2576.662254,2532.145353,0.697449348,0,0,0
MN0151,805.5623,1.033,19247.49924,17450.19566,10272.98924,18462.40434,10992.08434,9217.894473,8952.431827,10281.34773,9127.600442,19106.76811,10369.22946,11328.93285,18779.26994,10493.73968,18474.89773,12600.22107,10601.29835,8785.057713,18096.78597,10261.1349,0.627352026,0.321073311,0,0
MN0152,806.2208,7.133,910.2746689,881.5921804,1381.85639,926.0374182,706.4028745,1421.131196,967.446896,944.2016426,1014.179627,853.2165425,1508.978391,1652.756182,1036.569948,1210.826877,1324.888894,983.607057,1476.762551,865.9297198,894.0451135,731.3647576,2963.723681,2222.948687,1839.733372,1656.007037
MN0153,806.2208,7.95,1180.650484,2071.739023,1463.127047,1388.054114,1757.107292,3330.078701,2376.160069,1639.462068,2358.781334,1872.093174,1491.190645,1579.932486,2241.815991,1622.169719,1519.414948,2187.481275,3096.876496,2011.605346,2095.715881,1955.580843,7868.06515,4618.445564,3684.069219,3244.567282
MN0154,806.2211,6.883,1087.815554,4342.982258,1825.273145,1187.205391,2675.835396,1936.885489,1439.070636,1534.531609,1474.671371,2967.607898,1923.208066,1762.30198,1279.205735,1616.208218,1655.413884,1204.881193,1706.675994,1234.378967,3327.721503,3609.05796,2937.511175,2327.898836,1832.170436,1747.109816
MN0155,807.5679,0.817,1187.140585,1141.813578,1416.950309,0,1472.800598,1439.069389,1453.979106,1453.132208,0,1376.284608,0,1708.144491,1325.283112,1761.673089,1244.543165,1471.912169,1848.496665,0,1199.610484,1317.745919,1.132513978,0,0,0
MN0156,815.5693,0.817,722.1535207,947.2416593,993.7541267,998.1433076,1108.531774,722.8297215,970.5240365,958.8506455,821.6368524,868.2182136,818.0831639,891.7563572,892.7458456,862.3827979,1082.885101,752.7287356,988.4909767,560.7241351,927.2366766,849.2160403,0.503701216,0,0,0
MN0157,821.0052,5.717,1120.410178,1096.659318,1017.659636,1100.228124,1234.611977,974.9066362,1127.136897,1009.086718,1045.481651,1123.496053,943.9239858,1022.205242,1155.004662,1196.285592,1262.082291,1138.666622,1167.737748,991.1332528,1228.482182,1186.65146,0.223286834,2.650983275,1.518139131,1.332564481
MN0158,821.5402,1.05,3212.568883,2870.681698,2949.379961,3159.666231,3485.917799,2679.815543,2757.134037,2900.866441,2808.580159,2923.41695,2900.510203,3103.216745,2978.049479,3095.708327,2975.166418,3424.246897,3091.250323,3894.003054,3089.256586,3079.574361,0,0,0,0.374976189
MN0159,822.5489,0.817,1233.929465,1192.061153,1512.061868,1328.104095,1464.384411,1396.081343,1606.879003,1421.164614,1401.061192,1501.212855,1346.016249,1746.458616,1461.117042,1883.116037,1609.134171,1527.918523,1778.919909,845.2162419,668.0791459,1507.884739,0.888361826,0,0,0.114679814
MN0160,834.5303,0.783,935.2135693,483.5914078,842.0900443,646.0026885,983.7381505,588.193372,1037.09535,766.1684564,1011.404253,1300.785792,1288.501036,240.6303575,679.6439597,678.0137516,689.0777405,745.4234968,513.6242587,584.2805006,1252.620079,2111.326552,0,0,0,0
MN0161,874.0982,3.133,854.0467311,1363.903039,1206.473137,1365.31978,1503.195535,1487.64843,2079.513798,2762.274389,1778.064787,1295.026394,1659.198749,744.2957142,380.7178511,491.9370607,290.461789,420.8323701,394.3462342,1803.929087,1605.643279,1240.274364,0.25002254,0,0,0.392577603
MN0162,879.0475,5.717,5787.648337,6080.654826,6077.823836,5911.093077,7195.289824,6103.611884,6811.443044,6374.178959,6423.506558,6081.279269,5378.138812,5899.790509,6194.765704,8031.775687,7164.082468,5750.458549,7460.430355,5163.699787,7250.327302,6420.116604,0.0459366,0.751100289,0.470400527,0.332344846
MN0163,885.5515,0.783,1989.188838,2539.571319,3888.962489,2237.493198,2192.623194,2564.390872,2714.287771,3239.821577,2536.883443,2980.342575,6712.089922,1360.14658,1884.408098,2285.702285,2018.097187,2326.921512,1459.420976,1887.323753,2886.794003,6884.785155,0,0,0,0
MN0164,903.0087,5.717,1114.613139,1080.274781,1006.916753,1075.406978,1236.134521,959.5032664,1115.836903,1025.909112,1027.877283,1093.888591,976.7515933,1015.860824,1150.481734,1210.596048,1249.757676,1111.878313,1177.818172,977.3007258,1209.559965,1179.550299,0,0.445406165,0.080228119,0.316774704
MN0165,961.0507,5.717,4210.108531,4335.278741,4404.750239,4266.561471,5244.308261,4352.714001,4942.143488,4679.731334,4581.030655,4349.466487,4152.942985,4308.417169,4511.558102,5844.822573,5167.293766,4127.242241,5397.137788,3703.978712,5201.754095,4611.515034,0.768285885,1.832617093,1.40208435,1.577442344
MN0166,985.0119,5.717,1018.41036,1013.112097,931.756047,996.1131055,1136.270137,898.2173168,1038.988743,928.6785303,954.8597018,1009.314315,886.8634403,932.8850108,1066.381894,1144.146223,1167.996719,1037.837341,1101.862162,884.7071585,1127.620345,1094.316559,0.040845496,0,0,0