FeatureID,mzmed,rtmed,Polarity,L1_mean,L2_mean,L3_mean,L4_mean,L5_mean,L6_mean,L7_mean,L8_mean,L9_mean,NL1_mean,NL2_mean,NL3_mean,NL4_mean,NL5_mean,NL6_mean,NL7_mean,NL8_mean,NL9_mean,NL10_mean,NL11_mean
530,151.096131,1.061441667,Positive,2010,6085,5582,2520,2189,0,4790,7559,5394,2135,0,5439,0,5188,0,2368,0,7797,2393,0
505,191.179294,1.061616667,Positive,6060,17159,13820,9660,9588,4334,12158,18192,13684,7334,8351,15317,6628,15942,6580,11610,7132,18857,7833,2341
914,219.174056,7.0094,Positive,0,0,0,0,0,2040,0,0,0,0,0,0,0,0,0,0,0,0,0,0
718,219.174161,6.662033333,Positive,0,0,0,0,0,6648,0,0,0,0,0,0,0,2463,0,0,0,0,0,2512
711,284.294592,6.607433333,Positive,0,0,0,0,2549,0,0,0,0,2074,0,0,0,0,0,0,0,0,0,0
690,290.284347,4.64565,Positive,2031,0,0,0,0,0,0,0,0,0,0,0,0,0,0,0,0,0,0,0
544,297.241684,1.06145,Positive,2052,3727,3475,2455,2317,0,2879,4504,3331,0,2169,3859,0,3918,0,2613,0,4636,2231,0
584,298.310391,5.982991667,Positive,2779,0,2470,2277,3198,2485,2006,2412,0,2499,2175,2096,0,2456,0,2504,0,2255,0,0
700,299.257532,11.336725,Positive,0,0,0,0,2253,0,0,2165,0,0,0,0,0,0,0,0,0,2039,0,0
624,310.310279,5.374333333,Positive,0,0,2531,0,2133,5839,0,0,0,0,0,0,0,0,2798,0,0,0,0,0
868,321.314274,6.31195,Positive,0,0,0,0,0,2126,0,0,0,0,0,0,0,0,0,0,0,0,0,0
526,332.278734,1.061575,Positive,2221,5782,4625,3501,3051,0,3966,4786,4417,0,3335,4330,2503,5854,2210,4324,2556,5916,2771,0
852,332.330718,2.144483333,Positive,3019,0,0,0,0,0,0,0,0,0,0,0,0,0,0,0,0,0,0,0
858,336.32538,3.106583333,Positive,0,0,0,2739,0,0,0,0,0,0,0,0,0,0,3427,0,0,0,0,0
545,339.267545,1.034466667,Positive,5458,2000,2743,2881,3003,4086,2461,2744,3526,2788,3207,3083,0,2335,0,0,2577,2130,3164,2516
626,340.357088,6.709441667,Positive,2607,0,2174,2170,2427,0,0,2028,0,0,0,0,0,0,0,2060,2019,0,0,0
529,341.26775,1.061366667,Positive,0,4906,5390,2529,0,0,4624,7535,5298,2256,0,5305,0,5130,0,2011,0,7560,2393,0
669,346.332785,11.336725,Positive,0,0,2173,2016,2560,0,2012,2395,0,2259,2032,0,0,2088,0,2075,0,2285,0,0
687,352.320661,3.42115,Positive,3674,0,0,5204,3268,2354,2993,0,0,2786,0,0,3558,0,6841,0,2775,2432,4780,0
163,357.279066,1.034475,Positive,137377,51203,68229,69519,72839,100131,62291,68301,89364,69064,78604,76749,48048,57912,48324,35118,62548,53066,78484,61683
55,360.310197,1.163583333,Positive,5101,6778,5213,7226,2476,0,5788,8508,6978,2476,3449,9798,3777,7537,2420,4422,3065,9656,3566,0
786,368.424725,5.905716667,Positive,0,0,0,0,2095,4584,0,0,0,0,0,0,4983,0,0,0,0,3693,3330,0
33,369.35019,17.007,Positive,420850,293239,330712,753853,260382,291119,76624,490724,449294,27592,55428,76320,79120,75000,69082,93639,90623,41867,50487,55031
612,369.350576,8.490358333,Positive,14189,3171,3530,4291,3770,5774,3555,3987,3862,2109,0,0,0,0,0,0,0,0,0,0
659,371.314838,6.056958333,Positive,0,0,0,0,0,0,0,0,0,0,0,0,2130,4386,0,0,0,0,0,2245
500,375.288867,1.034475,Positive,31499,12980,15901,16206,17499,23929,15253,16193,21559,17055,18271,18807,11989,14632,12288,9272,15566,12506,19322,15851
22,376.259332,0.842758333,Positive,44845,28466,35555,36982,47458,38057,36050,37376,27297,0,35380,35557,28223,34346,26356,39211,31399,37737,30716,30909
11,376.30409,1.07445,Positive,11076,28115,31237,13341,10155,4979,26304,35284,26680,12536,9387,25021,9038,28824,8533,10784,7468,36432,11425,2674
493,376.394097,8.3941,Positive,2997,2621,3365,2839,3268,2750,2775,2492,2576,3600,3711,3536,5810,6003,5457,6811,5617,4585,3629,4296
482,381.297389,5.461766667,Positive,6662,5080,6292,8582,7550,6900,5786,6599,5216,6723,4580,4814,4950,6633,5363,6625,6009,5899,4970,5229
471,383.398773,6.311958333,Positive,5900,3965,5812,6253,4365,4269,5774,4714,3820,3877,4770,4668,5516,3146,6455,3004,6113,4057,5350,5037
449,386.325886,4.660175,Positive,6642,6303,7719,6779,8130,7004,6699,7419,5755,8257,6917,6387,6893,8623,6614,8097,7631,8176,6713,6826
438,393.285605,0.842666667,Positive,0,0,0,0,0,0,0,0,0,38497,0,0,0,0,0,0,0,0,0,0
578,404.33587,1.15215,Positive,3194,10460,5832,4982,0,0,6294,5712,5261,2836,0,6357,4202,3422,0,0,0,10426,2647,0
646,408.30971,0.942783333,Positive,3658,0,0,0,0,2116,0,0,0,0,0,0,0,0,0,0,0,0,0,0
416,410.326181,1.034525,Positive,175563,80764,96200,82212,93317,137101,94520,83805,131006,104319,109722,96874,71986,87890,56110,35015,94222,74881,109408,78321
405,415.281136,1.022341667,Positive,34955,14574,18840,18069,21903,31772,17291,20363,27491,24061,21513,20982,16452,22702,14668,14624,20014,15983,19939,17924
596,416.372601,6.057625,Positive,3119,0,0,2783,0,0,0,0,0,0,2499,0,4343,4488,2115,0,0,0,0,4241
512,420.330697,1.06145,Positive,4601,5771,14598,4980,3264,0,11999,16354,8033,3889,3394,6939,2651,7790,3708,2646,2339,14570,5456,0
394,421.316747,0.842666667,Positive,29288,18347,17972,24732,16671,12438,24554,16979,15996,16094,20946,22660,20256,12369,16325,16812,21930,18188,21856,19805
830,424.449467,9.4269,Positive,2910,0,2582,2906,0,0,0,0,0,2556,0,0,2209,2671,2159,2298,2171,0,0,0
518,426.320678,0.705591667,Positive,15196,2594,3791,4237,4594,8829,3660,4094,7450,4406,5110,5210,2279,3427,2754,0,3738,2604,5708,3956
674,429.37086,7.550383333,Positive,0,2435,0,0,2496,5028,3083,5650,3352,0,0,0,0,0,0,0,0,0,0,0
607,431.253932,1.02225,Positive,3084,0,0,0,0,2406,0,0,2582,0,2037,0,0,0,0,0,0,0,2034,0
371,431.383209,4.830716667,Positive,9049,4367,0,8984,5974,3925,11120,4623,3156,6094,5032,3620,9509,3358,10440,4728,6710,10177,11270,2435
382,431.3833,5.036808333,Positive,7709,3896,0,8645,5851,3903,9144,3896,2708,5006,4480,3241,8402,2945,8990,3858,5613,8231,9059,5639
620,436.341405,5.955083333,Positive,0,0,2513,2089,0,0,0,0,0,0,0,5843,0,0,0,0,0,0,0,2311
559,438.355916,1.096466667,Positive,12720,5458,5608,8361,5074,5516,6932,4865,8258,4707,7558,8466,5687,3091,6087,2560,7841,3766,9461,8433
991,447.34473,20.15583333,Positive,2996,0,3255,3369,0,0,0,0,3049,3210,0,0,0,0,2882,0,0,0,0,0
360,452.482218,10.6085,Positive,6024,4767,6070,6927,5934,4068,5529,5248,3969,5757,3673,3765,4370,5480,4262,4260,4179,4090,3781,3732
579,456.382971,6.649683333,Positive,0,0,2399,2132,2137,19426,0,0,0,0,0,0,4245,6507,3341,0,0,0,0,4233
754,457.328165,3.694066667,Positive,3287,0,0,0,0,2757,0,0,0,0,0,2033,0,0,0,0,0,0,0,0
571,460.268543,0.896791667,Positive,2935,0,0,2254,2366,0,2683,2110,0,0,0,2187,0,0,0,0,2511,0,0,0
809,466.496932,11.17950833,Positive,2340,0,0,2094,2222,0,0,0,0,0,0,0,0,0,0,0,0,0,0,0
689,466.533244,8.96615,Positive,2138,0,2371,2007,2365,0,0,0,0,0,0,0,0,0,0,2008,0,0,0,0
821,480.402895,3.69395,Positive,4334,0,0,0,0,0,0,0,0,0,0,0,0,0,0,0,0,0,0,0
349,480.513644,11.75435,Positive,19353,16974,22013,23669,22504,13292,17901,16948,12209,20242,14223,14498,18161,20430,16881,17149,16836,16346,14218,14579
317,487.351243,2.189108333,Positive,7235,5301,6430,6733,6715,5329,6577,6911,4628,6515,5346,4622,5137,5242,4801,5782,6098,6048,5071,4892
306,491.517302,15.49386667,Positive,2711,2697,2669,3223,2787,2469,2034,2628,0,0,0,0,0,0,0,2120,0,0,0,0
284,494.528051,12.27746667,Positive,7599,3724,5038,5458,6717,3265,4069,5291,2904,4250,2928,2963,3621,4159,3332,3414,3593,3562,3106,4130
295,494.528522,13.69890833,Positive,3388,2062,2724,2818,3193,2463,2430,2637,2015,2441,2518,2736,2082,2524,2026,2756,2488,2446,2205,2349
272,494.565172,10.09930833,Positive,4995,3247,6690,4884,6862,3450,3737,3997,2058,3285,3229,4081,3777,4598,3408,4939,4395,5283,3343,5070
261,496.339193,2.004083333,Positive,54935,9862,11548,13340,9867,20760,8254,17137,12071,2921,7287,14425,0,0,0,0,0,0,4133,3274
251,508.544753,12.79973333,Positive,48623,34067,46825,49460,47468,27054,38356,36933,26862,37887,26424,26700,36412,40361,32469,33827,33851,32522,26905,29424
686,519.547967,16.25503333,Positive,0,0,0,2245,0,0,0,0,0,0,0,0,0,0,0,2001,0,0,0,0
240,520.507794,9.770941667,Positive,7256,3757,5383,8322,7300,6714,8307,10544,7430,7419,3022,2338,2762,3062,2477,2015,3256,8694,5320,6904
684,521.454073,15.72748333,Positive,0,3640,2026,2121,8673,4915,9007,7452,8283,0,0,0,0,0,0,0,0,0,0,0
207,522.559834,13.27601667,Positive,6184,3941,5701,6016,5944,3879,4454,4530,3110,4632,3056,3279,4156,4707,3619,3783,3959,4100,3371,3559
218,522.560456,14.59695,Positive,7571,4490,5941,6434,6874,5287,5341,5980,4182,5506,5157,5799,4536,5559,4369,5508,5133,5266,4790,4937
196,522.59649,11.22293333,Positive,4638,2919,6521,4487,6665,2933,3432,3900,0,3119,2765,3586,2676,3419,2387,3708,3784,5381,3447,5026
642,523.468693,16.30544167,Positive,0,3154,2355,2248,6670,3648,6947,5709,5949,4222,0,0,0,0,0,0,0,0,2468,0
1071,524.369198,3.073133333,Positive,3297,0,0,0,0,0,0,0,0,0,0,0,0,0,0,0,0,0,0,0
553,524.370592,3.384283333,Positive,34549,8073,8824,10071,8792,16140,8277,17707,10059,3214,10157,11975,0,0,0,0,0,0,3534,2607
532,528.391609,2.242575,Positive,12698,9867,12062,12054,12751,10440,11762,12600,8893,12620,11418,11046,10512,12276,10291,11904,11776,12737,10757,11340
162,529.399086,2.22935,Positive,230696,177947,218292,223535,228362,188960,215228,229901,165614,226860,209754,204335,192258,221021,191078,215017,212851,230746,196969,207030
174,529.3991,2.004191667,Positive,26513,20345,25786,25679,26933,21521,25492,26773,18804,24455,25152,24033,21415,25026,20681,25017,24261,26758,21724,24500
151,533.52594,15.19949167,Positive,9598,5551,7145,7868,7724,6288,6325,6435,5033,6729,6805,7152,5762,6449,5405,6974,6569,6650,6061,6186
140,536.575979,13.75625833,Positive,41540,28062,41018,40750,41823,22518,31546,31864,22549,32131,20429,21239,31719,34249,27119,28705,30063,28694,21465,25884
734,537.534327,10.36495833,Positive,2095,0,4570,2579,2960,0,0,0,0,0,0,0,0,0,0,0,0,0,0,0
129,538.51795,9.773741667,Positive,3405,0,2646,3973,3593,3462,4165,5230,3587,3764,0,0,0,0,0,0,0,4283,2740,3332
651,547.469438,15.80074167,Positive,0,2865,2012,0,8996,5700,9300,6301,9830,4840,0,0,0,0,0,0,0,0,0,0
974,548.4728,15.79165,Positive,0,0,0,0,3536,0,3898,2469,3848,0,0,0,0,0,0,0,0,0,0,0
723,548.53899,10.87905,Positive,0,0,0,2051,2039,0,0,2907,0,2513,2327,0,0,0,0,0,0,2272,0,0
942,549.484154,15.72269167,Positive,0,0,0,0,5068,2752,6361,5732,5487,0,0,0,0,0,0,0,0,0,0,0
96,549.485183,16.3382,Positive,4710,9796,7403,6620,24326,13380,25926,18387,19127,14240,5640,0,3619,2718,2034,0,0,5288,9701,7328
945,550.588807,14.15473333,Positive,0,0,0,2003,0,0,0,0,0,2044,0,0,0,0,0,0,0,0,0,0
85,550.591015,15.40504167,Positive,5169,3121,4268,4752,4599,3706,3437,3942,2624,3547,3536,4289,3250,4078,3072,3634,3409,3535,3287,3435
866,551.502236,11.83673333,Positive,0,0,0,0,2142,0,0,2428,0,2386,0,0,0,0,0,0,0,0,0,0
54,552.604523,17.17816667,Positive,2340,0,2064,2215,2321,0,0,0,0,0,2012,2208,0,2183,0,0,0,0,0,0
627,557.208217,5.827233333,Positive,0,0,0,0,2509,4202,0,0,0,2028,0,0,0,0,0,2725,0,2294,0,0
53,561.555441,16.03998333,Positive,3053,0,2360,2543,2577,2137,2015,2166,0,0,2039,2215,0,0,0,2158,2007,0,0,0
971,563.462799,10.7413,Positive,0,0,0,0,2255,0,0,0,2027,0,0,0,0,0,0,0,0,0,0,0
564,563.535997,17.094,Positive,3884,2739,2140,3315,3785,3124,4879,5037,2448,2629,0,0,0,0,0,0,0,0,0,0
862,564.60625,14.57096667,Positive,2427,0,0,0,0,0,0,0,0,0,0,0,0,0,0,0,0,0,0,0
51,565.565835,11.4788,Positive,4249,2810,8315,5001,5544,2099,2831,2825,0,2056,2958,3341,0,0,2058,2530,2778,2300,2543,3212
797,567.616103,14.595025,Positive,2044,0,0,0,0,0,0,0,0,0,0,0,0,0,0,0,0,0,0,0
540,569.539252,7.523808333,Positive,6132,4368,5414,5840,5719,4590,5561,5653,3765,5747,5580,5235,4677,5357,4714,5534,5695,5754,4909,5202
48,570.545063,8.422316667,Positive,2165,0,0,0,0,2946,0,0,2183,2667,2547,2080,2111,0,0,0,0,2859,2375,0
50,570.545196,16.64521667,Positive,22867,14851,19218,18980,11206,11835,12567,15189,21395,6026,12858,21766,12306,14389,14013,15920,17392,10718,8310,11994
45,570.546831,7.523741667,Positive,111911,79279,98621,106479,103949,82590,102824,101501,68640,103829,101944,96283,85673,97229,85608,100208,105495,106870,90154,95355
47,570.546928,11.35361667,Positive,20070,12488,16094,17175,17830,15965,16190,18083,12451,17158,15744,15727,13330,17669,14507,15195,15880,17651,14004,15433
46,570.546939,7.149183333,Positive,13663,8837,10721,12049,11489,8788,12006,12267,7562,11224,11371,11396,9253,10642,9171,10226,11042,11603,9616,10793
958,573.484884,15.91055,Positive,0,0,0,0,3648,0,3437,2439,3534,7068,0,0,0,0,0,0,0,0,2238,0
41,575.501259,15.07498333,Positive,0,0,0,0,0,0,0,3146,0,0,0,0,0,0,0,0,0,0,0,0
761,576.569705,11.93208333,Positive,0,0,0,0,0,0,0,2768,0,0,3179,3828,0,0,0,0,0,2055,0,0
38,577.513954,16.34190833,Positive,0,3696,2618,2811,8600,3889,8587,6246,6864,2914,2677,0,0,0,0,0,0,2865,4180,0
1049,577.515582,15.6976,Positive,0,0,0,0,0,0,0,0,9028,2223,0,0,0,0,0,0,0,0,0,0
39,577.518266,7.987341667,Positive,2355,4025,2211,2969,2893,3701,3280,7923,2344,2044,7066,9516,0,0,0,0,0,0,2545,0
666,577.52045,11.92961667,Positive,2777,2826,2188,3087,5439,5106,7256,9093,5802,6294,0,0,0,2959,0,0,0,0,2756,2884
37,578.622199,14.86238333,Positive,2327,0,0,2450,2133,0,0,2173,0,2035,0,0,0,0,0,0,0,0,0,0
36,579.533776,12.825475,Positive,4890,3961,4842,5058,5764,4606,4747,5525,4125,4573,4525,4762,4021,4860,4029,4446,4348,4878,4011,4433
35,580.636641,17.32033333,Positive,5678,4086,4996,5386,5476,4076,4454,4445,3403,4213,4539,4941,4225,4891,3925,4194,4196,4366,4108,4171
34,585.240124,6.689716667,Positive,10550,6468,8780,6056,12320,19155,6366,6546,6048,11249,4968,4333,4926,7133,5572,12864,4822,11570,5700,5520
665,588.531542,10.87671667,Positive,0,0,0,0,2280,0,0,0,0,3165,2951,2108,0,0,0,0,0,3359,2156,2285
31,589.483531,10.84836667,Positive,0,4735,3960,2674,10383,6186,11127,8223,10538,3342,0,2006,0,4382,0,0,0,0,0,0
611,590.195099,6.69195,Positive,2262,0,2552,0,2933,4439,0,0,0,3073,0,0,0,2530,0,3643,0,3017,0,0
29,591.494894,11.79620833,Positive,0,2695,2924,2220,4180,3460,2201,3339,2587,6265,4816,4286,3782,5487,3900,3761,3520,4730,3636,4221
727,593.596759,12.51288333,Positive,2121,0,4093,2510,2808,0,0,0,0,0,0,0,0,0,0,0,0,0,0,0
831,594.581163,14.0373,Positive,0,0,2941,0,0,0,0,0,0,0,0,0,2187,3946,0,2863,4223,0,0,0
27,594.651231,17.36783333,Positive,2319,0,0,2119,2142,0,0,0,0,0,0,0,0,0,0,0,0,0,0,0
800,599.502049,14.24330833,Positive,0,0,0,0,0,0,0,0,0,5066,0,6398,0,0,0,0,0,3586,4388,0
905,599.502094,14.71313333,Positive,0,0,0,0,0,0,0,4539,0,3265,0,5264,0,0,0,0,0,2271,2667,0
21,601.515669,16.4506,Positive,0,2623,0,2023,7077,3362,6758,6446,6167,22602,5080,3541,4241,4620,3308,2816,2906,12144,9216,6346
1059,601.516493,15.61396667,Positive,0,0,0,0,0,0,0,2524,0,0,0,0,0,0,0,0,0,0,0,0
1043,601.516827,14.383325,Positive,0,0,0,0,0,0,0,2960,0,0,0,4116,0,0,0,0,0,0,0,0
23,601.51721,15.16213333,Positive,0,3937,0,2137,0,4391,3342,8202,2651,3348,7167,6279,0,0,0,0,0,2440,2752,0
24,601.517238,14.72471667,Positive,0,0,0,0,0,0,0,3429,0,5164,0,6348,0,0,0,0,0,2786,3265,0
750,603.52979,16.40226667,Positive,0,2307,0,2041,5613,2823,5500,4961,4268,0,0,0,0,0,0,0,0,3047,2327,2046
1057,603.531844,15.61513333,Positive,0,0,0,0,0,0,0,2814,0,0,0,0,0,0,0,0,0,0,0,0
977,603.533283,7.882725,Positive,0,0,0,0,0,0,0,0,0,0,0,3757,0,0,0,0,0,0,0,0
766,603.534808,12.05381667,Positive,0,0,0,0,4322,4133,6791,7304,5104,4622,0,2046,0,2649,0,0,0,2045,0,0
1032,604.533977,16.36495,Positive,0,0,0,0,2406,0,2330,0,0,0,0,0,0,0,0,0,0,0,0,0
696,604.576329,11.34145,Positive,0,0,0,0,2245,0,0,2254,0,2044,0,0,0,0,0,0,0,2086,0,0
623,604.601489,12.90691667,Positive,3640,2463,2319,3021,3140,3385,4381,6225,2984,2853,2346,3111,0,0,0,0,0,2783,2242,2225
19,605.539462,16.69916667,Positive,0,0,0,0,2643,0,2423,2287,2052,2469,0,0,0,0,0,0,0,0,0,0
17,605.583964,11.336725,Positive,32324,26492,35996,33597,40143,29587,33609,37978,22372,35790,31864,31507,26693,33456,24880,33455,29044,37272,27601,31954
755,605.600849,12.90748333,Positive,0,0,0,0,0,0,2276,2964,0,0,0,0,0,0,0,0,0,0,0,0
16,606.653253,15.6274,Positive,2354,0,0,2453,2200,0,0,2209,0,0,0,0,0,2068,0,0,0,0,0,0
15,607.389199,10.66815833,Positive,2591,0,2010,2167,2537,2171,0,0,0,2085,2459,2581,0,0,0,2229,2098,2175,2020,2159
14,607.565734,13.71334167,Positive,11921,9706,11733,12407,13438,10704,11118,12898,9767,10226,10886,11578,10211,12043,9885,10992,11119,11698,9551,10505
13,608.66844,17.4465,Positive,5199,3874,4699,5058,5314,3917,4374,4392,3091,4020,4229,4651,3928,4574,3700,3899,3899,4118,3781,3909
658,609.532822,11.35039167,Positive,3416,3053,3831,3466,3948,3663,3207,3421,2787,3879,3444,3308,3419,4394,3591,4137,3871,3872,3207,3467
10,610.539362,10.99266667,Positive,0,2423,2091,2046,7047,4783,10655,11687,8236,8951,3425,2778,0,4326,0,0,0,3810,3337,3024
12,610.539933,11.339,Positive,59979,52946,66170,61152,67824,63569,55413,58569,49222,67027,60299,57219,61299,76373,62945,71746,67479,66864,56184,60450
822,612.554174,10.84759167,Positive,0,0,0,0,3081,0,5502,3843,4161,0,0,0,0,0,0,0,0,0,0,0
9,612.555434,11.8823,Positive,3322,4179,3276,4105,8842,6525,11914,15115,8522,9621,4253,3500,0,4312,0,0,0,3759,3791,3667
652,613.270712,6.68495,Positive,3097,2237,2188,2247,0,0,2379,0,2025,2162,0,0,0,0,0,2474,0,2524,2163,0
8,613.271241,7.681591667,Positive,38747,24586,30625,25158,36828,58136,24975,24552,22917,38631,21975,18486,20687,29079,22979,39724,20322,38699,22589,24297
799,614.570692,12.75794167,Positive,2114,0,2084,2158,2424,0,2004,2457,0,0,0,0,0,0,0,0,0,2068,0,0
7,615.495741,11.08453333,Positive,2141,4096,3899,3121,10843,7717,13420,13895,13473,19163,7346,7784,3860,13333,3956,2597,3737,10271,7463,7322
6,617.513015,11.87439167,Positive,5044,9750,8688,8448,16520,13010,15496,19700,15829,18594,13605,7055,4937,14542,5504,3994,4854,9070,7433,8467
5,618.226324,7.68115,Positive,2557,2603,3615,2229,3992,5233,2264,2081,2728,4120,2687,2090,3694,5474,3817,6470,3613,4818,3004,3513
910,618.617042,13.36515,Positive,0,0,0,0,0,0,2097,3216,0,0,0,0,0,0,0,0,0,0,0,0
4,619.526766,12.79616667,Positive,12129,11775,13761,13884,13840,12393,10732,11413,10535,9457,12412,13178,12984,15486,13007,15136,13818,11193,9816,11345
656,621.309567,6.257975,Positive,0,0,0,0,0,3563,0,0,0,2585,0,0,0,0,0,0,0,0,0,0
3,622.683848,17.47275,Positive,2634,0,2344,2555,2623,0,2180,2228,0,0,2031,2198,0,2174,0,0,0,0,0,0
692,623.311675,7.405958333,Positive,0,0,0,0,2018,3138,0,0,0,0,0,0,0,0,0,0,0,0,0,0
2,623.501446,8.42715,Positive,2229,2388,0,2014,0,2847,2086,2975,0,2366,0,2369,0,0,0,0,0,0,0,0
1,626.513595,11.33793333,Positive,4859,4559,5277,4987,5369,5063,5119,5175,4682,5171,4535,4305,4992,5618,4979,5501,5311,5076,4543,4901
1062,627.532706,8.140066667,Positive,0,0,0,0,0,0,0,2158,0,0,0,0,0,0,0,0,0,0,0,0
663,627.533548,9.748733333,Positive,2627,2899,2359,2561,2896,2695,2492,5197,2492,2818,0,0,0,0,0,0,0,0,0,0
492,627.534776,7.777225,Positive,39101,33393,24569,31686,28170,23414,24958,49409,22271,50178,48468,41777,3536,7680,5465,3533,6060,13754,21418,10963
691,628.601121,12.11808333,Positive,4061,0,2011,3257,2794,2811,3861,5407,3435,3716,0,0,0,0,0,0,0,3300,2557,3370
836,629.548618,8.156316667,Positive,0,2079,0,0,0,0,0,3389,0,0,0,2126,0,0,0,0,0,0,0,0
573,629.548779,8.459533333,Positive,7557,6140,6788,9153,6861,6477,4896,6282,5129,0,0,0,0,0,0,0,0,0,0,0
490,630.617076,13.0963,Positive,0,0,0,0,0,0,0,2621,0,0,0,0,0,0,0,0,0,0,0,0
491,630.617699,12.89344167,Positive,12277,4855,6461,11723,9470,9088,11760,16987,10573,10269,3797,2535,2333,3340,2180,0,3255,10208,7613,9659
726,632.601791,11.34875,Positive,3369,2785,3074,3403,2648,2316,3163,2747,2530,2748,3046,3140,3236,2643,2885,2733,3287,2973,3015,3171
488,632.632947,13.79275833,Positive,5452,2793,2594,4245,3541,4463,4471,7199,3888,4290,0,0,0,0,0,0,0,3199,3326,3020
487,633.615339,11.33853333,Positive,29290,22198,22657,29160,17099,12986,28206,19794,18881,18480,25132,27128,26917,16334,22942,19208,27981,22426,26261,26453
485,636.423192,2.972916667,Positive,3348,3421,4684,2896,3688,2721,2959,2705,0,3346,5070,6499,9964,8733,10914,13717,13157,5669,4937,4658
795,636.494101,8.341858333,Positive,5147,0,2046,0,2371,3700,0,2603,0,4018,2354,2069,3195,0,3516,3032,3916,2437,2941,0
667,636.555772,11.20808333,Positive,0,0,0,0,3058,3100,4660,5768,3191,9084,3341,5138,0,4261,0,0,0,4874,2760,2029
484,637.305284,4.546641667,Positive,26838,18481,18831,22926,20485,19692,15486,14048,13595,30443,15821,14698,14039,15674,12742,15834,14354,17615,14248,18100
780,638.569445,11.08494167,Positive,0,0,0,0,0,0,5872,5308,4826,5149,2740,3003,0,2337,0,0,0,2813,2875,2342
483,638.571031,11.98891667,Positive,3867,4381,3489,4325,10440,8000,17844,20430,11240,10437,4215,5250,0,5475,0,0,0,4909,3605,3573
857,639.494917,10.41085,Positive,0,0,0,0,0,0,0,0,0,5792,2487,4179,0,4226,0,0,0,4115,2093,0
676,639.495134,10.88820833,Positive,0,0,0,0,2041,2359,2319,2868,2381,3256,0,0,0,2230,0,0,0,2567,3705,3152
481,640.585683,11.87996667,Positive,2919,4149,2755,4127,4986,3300,10174,9028,6897,5711,4436,4190,0,2970,0,0,0,2962,3933,3543
920,640.586158,12.84216667,Positive,0,0,0,0,0,0,2217,3453,0,0,0,0,0,0,0,0,0,0,0,0
480,641.301921,7.681491667,Positive,5622,4697,4699,4989,3336,3376,4853,3086,4168,3780,4212,3680,5287,3296,4813,4783,5123,4848,4947,5007
479,641.303163,8.775233333,Positive,69049,45365,55283,48092,66237,98440,48611,44559,44948,73495,43495,39309,46711,58495,47051,81521,44821,72994,42465,48120
478,641.511067,11.21315,Positive,2350,2850,2231,2246,5682,6410,7747,9184,8125,22144,9359,13395,2919,14961,3160,2152,3122,13179,7906,6048
803,642.579206,12.113325,Positive,0,0,0,2252,0,3023,2023,3016,0,0,0,2282,0,0,0,0,0,0,0,0
477,642.600905,12.81475,Positive,4102,3360,3338,4256,2709,2362,4114,4432,3296,2056,3200,3760,3345,2247,3074,2609,3495,2774,3018,3181
476,642.602884,13.64349167,Positive,6647,5351,6545,6842,7339,5892,5970,7142,5357,5495,5983,6804,5462,6538,5518,6345,5856,6371,5125,5855
475,643.527806,12.05611667,Positive,5798,8910,4004,4899,16526,14041,12160,14118,18757,10266,5078,7651,2659,13196,2942,0,2733,11442,10181,6429
619,644.594144,12.90050833,Positive,3036,2889,2864,2783,3464,3964,3767,4958,2984,2543,2823,3715,0,0,0,0,0,2677,2251,2271
474,645.54286,12.82926667,Positive,2215,2272,0,2743,3065,3684,3904,4821,2417,2979,0,0,0,2385,0,0,0,0,0,0
472,646.257433,8.775233333,Positive,0,2007,3344,0,3305,4462,0,0,2237,3633,3935,3064,6086,7356,5528,9808,5299,5780,2928,3981
470,647.458826,13.39363333,Positive,66303,45112,56608,63920,62201,56530,58373,59954,46163,58887,2718,0,40180,49205,33850,45481,34429,31558,36503,47789
469,647.557478,13.68524167,Positive,34184,30665,37677,35669,37327,34668,28917,32913,28948,21255,29864,32077,33364,40426,32729,39005,36752,28655,25981,31151
466,650.715331,17.59741667,Positive,2549,0,2308,2604,2527,0,2148,2186,0,0,2036,2251,0,2162,0,0,0,2018,0,0
637,651.341584,8.425741667,Positive,2349,0,2171,0,2623,3906,0,0,0,3142,0,0,0,2262,0,3492,0,2904,0,0
798,651.532151,7.550408333,Positive,0,0,0,0,0,0,0,0,0,0,4615,4719,0,0,0,0,0,0,0,0
465,651.53316,9.480183333,Positive,0,4327,2366,3119,2896,3649,3345,5860,2118,2860,4431,6000,0,0,0,0,0,2310,2726,0
464,654.331797,4.546641667,Positive,19368,12643,13581,15797,14744,13193,10423,9388,9359,20094,11502,10497,9498,10605,8735,10920,9639,12301,9286,12688
739,656.581535,13.49998333,Positive,0,0,0,0,0,0,2039,0,0,8530,2184,0,0,0,0,0,0,3877,3268,0
849,656.588652,12.50710833,Positive,0,0,0,0,2516,0,2458,2955,0,3629,2259,0,0,0,0,0,0,3763,2794,0
463,658.609384,13.36515,Positive,2550,2019,0,2429,2794,2991,3406,5535,2201,2782,0,2139,0,0,0,0,0,2257,0,0
848,660.554502,10.99998333,Positive,2011,0,0,0,3378,2928,0,0,0,0,0,0,0,0,0,0,0,0,0,0
890,661.537034,13.506625,Positive,0,0,0,0,0,0,0,0,0,5066,0,0,0,0,0,0,0,2387,2126,0
461,662.571696,11.93035,Positive,15109,8340,7095,9334,15323,19560,18179,22403,13022,17232,3582,2262,4239,7028,4641,3919,5142,17594,22682,17556
459,662.750574,17.15258333,Positive,3004,0,2446,2595,2802,2156,2251,2296,0,2054,2108,2348,0,2138,0,2246,0,0,0,0
1037,663.450067,16.58388333,Positive,2103,4196,0,0,0,5015,0,3598,2767,0,0,0,0,0,0,0,0,0,0,3735
592,663.451219,17.862,Positive,3039,3321,3292,3377,3269,3469,3163,3473,2828,4061,3489,3315,3399,3494,3297,3502,3341,3722,3419,3469
458,663.451794,20.24716667,Positive,11152,12540,13746,12330,11658,11424,12939,11720,12340,13149,12964,11377,11661,11875,12487,12630,11053,13397,11631,12718
457,663.453828,10.66594167,Positive,136483,92761,110343,114343,145306,130169,100680,108414,84337,114069,134194,142582,95784,111259,100688,122703,108167,119670,105012,113532
1078,664.455406,12.0151,Positive,0,0,0,3434,0,0,3292,0,0,0,0,0,0,0,0,0,0,0,0,0
819,664.455429,10.99003333,Positive,0,0,2312,0,2880,2791,2091,0,0,2414,2162,2185,2126,2633,2026,2762,2064,2475,0,2101
751,664.584142,11.20943333,Positive,0,0,0,0,0,0,3960,3491,2493,5524,3078,5128,0,2455,0,0,0,3420,2728,0
455,664.73074,17.70475,Positive,2408,0,2143,2144,2374,0,0,0,0,0,0,2112,0,0,0,0,0,0,0,0
745,665.509808,11.03290833,Positive,0,0,0,0,3228,7215,6397,6561,3233,2668,0,0,0,0,0,0,0,2488,3183,2616
454,666.36716,6.254608333,Positive,5238,2613,2089,3407,2189,3359,3743,2884,3354,3945,0,0,2826,0,0,0,0,2031,0,2655
453,666.433741,3.568783333,Positive,0,2778,3645,3735,2683,0,3281,2576,0,2792,0,0,8567,8349,7136,6189,5578,3728,2727,4413
861,666.601015,12.08451667,Positive,0,0,0,0,0,0,3875,3433,2757,3204,0,0,0,0,0,0,0,0,3334,0
507,666.615832,16.81766667,Positive,51393,20643,25019,37450,14861,23510,25497,27612,12845,0,0,0,0,0,0,0,0,0,0,0
452,667.526189,11.47689167,Positive,0,0,0,0,0,2239,2292,0,0,0,0,0,0,0,0,0,0,0,0,0
509,667.527267,11.927825,Positive,15905,14327,12818,14218,21278,26949,18608,24280,18337,23199,7440,5050,10340,16264,11657,10385,13154,25844,30901,27013
450,668.594831,12.12264167,Positive,6096,3323,4311,5943,6410,6714,7411,10358,7128,7732,2242,0,2146,3467,2190,0,2857,6615,4995,6471
447,669.333201,8.775233333,Positive,3752,3370,3714,3585,2520,2469,3761,0,3352,2992,4886,4704,7821,3951,6362,6241,6351,5387,4885,5593
448,669.33478,9.880741667,Positive,85295,59717,78748,61922,92737,136636,61374,57629,57686,101977,55137,49074,58498,74405,61917,104967,57956,94756,51744,62572
641,669.542429,12.63666667,Positive,3482,3083,2925,5258,5504,7053,5545,6825,3990,0,0,0,0,0,0,0,0,0,0,0
661,669.543132,12.357125,Positive,2082,2379,0,2412,2855,5380,4018,5670,3035,2609,0,0,0,2456,0,0,0,3381,3886,3438
445,670.610225,13.08933333,Positive,2750,0,2106,2579,3103,3350,3117,4851,2893,3983,0,0,0,0,0,0,0,2853,2313,2788
446,670.610559,12.88608333,Positive,12160,6838,9157,13270,12584,13118,12531,17167,12556,11672,5549,3684,3924,6490,3919,3915,5655,12034,9095,11773
444,670.632715,13.68115833,Positive,9690,7657,7707,10084,6183,4592,8343,7453,7044,3810,7580,9736,8700,5328,7861,6797,8672,6159,7117,7793
443,672.625839,13.78885833,Positive,7508,3849,4596,6863,6006,7813,5763,8842,5691,6456,2267,0,0,2778,0,0,0,4699,4983,4898
442,674.289265,9.889183333,Positive,2264,2504,4274,2348,4636,5935,2361,2154,2892,4932,3435,3041,6224,8920,6552,12160,5866,6362,2802,4130
742,674.667012,17.007,Positive,0,0,0,0,0,0,0,2362,3278,0,0,0,0,0,0,0,0,0,0,0
439,675.675032,17.00558333,Positive,8892,11996,13172,12290,8462,10817,8790,38396,54138,3538,5957,9618,10074,8422,8108,12024,11137,5092,6762,7795
440,675.675891,6.311916667,Positive,7609,3044,16781,9135,17424,39901,7902,11782,3479,9224,7116,6031,6057,6103,18694,2914,8923,5894,5422,7123
437,679.373491,9.49335,Positive,3517,2033,2993,2166,3620,5473,2066,0,2136,4082,0,0,0,2703,0,3712,0,3413,0,2182
436,680.479389,10.66815833,Positive,8650,6130,8140,7389,9832,9933,6254,8719,6436,8906,9266,9881,6191,8266,6970,8910,7375,9164,7227,7487
589,680.581365,12.86106667,Positive,0,0,0,0,2672,0,3907,3010,2868,30627,4292,0,0,0,0,0,0,12447,7235,2790
435,680.629976,17.00483333,Positive,3650,3631,4952,3363,2023,3177,0,6444,8491,0,2243,4319,4196,4569,3896,7383,6336,0,0,2298
572,681.342309,4.546683333,Positive,4031,3805,3857,3983,3509,3413,3620,3213,3362,4126,3424,3284,3389,3422,3093,3500,3456,3719,3497,3702
433,682.362534,4.546641667,Positive,45507,33242,29850,42135,25689,21894,32009,22760,25485,32730,28453,28782,29766,20551,25076,23654,29574,27551,30250,32780
432,682.597343,13.57878333,Positive,0,2834,0,0,5384,3254,8710,6190,4933,40613,7788,0,0,2205,2207,0,0,15572,12876,5210
762,683.500105,11.92758333,Positive,0,0,0,0,0,2019,0,0,0,0,0,0,0,0,0,0,0,2122,2435,2281
820,684.611714,13.50796667,Positive,0,0,0,0,0,0,2447,0,0,9551,3311,0,0,0,0,0,0,5307,5394,0
682,684.613393,14.17633333,Positive,0,2114,0,0,6034,3047,5471,7232,3135,6493,2180,0,0,0,0,0,0,3739,2996,0
585,687.55296,13.5683,Positive,0,0,0,0,3464,3177,5434,3602,3318,19625,4738,0,0,0,0,0,0,8413,7514,3404
430,690.601703,11.92604167,Positive,7756,4938,3462,5592,5365,4902,8865,7459,6100,5375,2178,0,2949,2543,3006,0,3754,7301,13576,9684
429,690.782368,17.298,Positive,4910,3027,4211,4289,4718,3522,3821,3893,2772,3732,3617,3870,3144,3586,2954,3571,3204,3353,3344,3430
801,691.526134,11.63685833,Positive,0,0,0,0,0,0,0,0,0,0,3032,3448,0,0,0,0,0,3495,4208,2655
428,692.762162,17.82733333,Positive,2697,0,2362,2273,2542,2073,2021,0,0,0,0,2331,0,0,0,2187,2231,0,0,0
425,697.364838,9.891491667,Positive,3007,3305,3949,3276,3380,2665,3360,0,3143,3381,3939,3775,6577,3945,6453,6594,6009,5176,3617,4551
426,697.366169,10.97313333,Positive,117554,81394,111424,89832,128126,177984,88066,78362,77688,133923,72188,67275,76865,97948,74806,124528,74824,120873,71724,82698
982,700.525887,9.40725,Positive,0,0,0,0,0,0,0,2719,0,3038,0,0,0,0,0,0,0,0,0,0
899,701.557097,7.504791667,Positive,7635,0,2184,3149,2493,2901,3489,4243,0,0,0,0,0,0,0,0,0,0,0,0
647,701.55887,7.266208333,Positive,12320,4002,4486,5260,5518,7389,5960,8774,5728,4072,0,0,0,0,0,0,0,0,2354,0
424,702.320183,10.97615,Positive,6963,6792,10189,6963,9972,13088,5862,4877,6216,11060,7468,8860,12794,14916,11782,18085,12051,12981,8197,9215
423,702.54291,10.222825,Positive,6324,3100,3125,4625,4993,3627,4208,6738,4041,5702,2001,0,0,0,0,0,0,2748,3088,2737
421,703.573981,8.465425,Positive,110438,33171,38523,52999,47912,48611,55741,58450,51340,22842,5458,3380,8347,12052,9519,6842,11250,10170,14468,13836
422,703.575659,8.166558333,Positive,517732,173057,196788,286907,258393,274983,290222,396141,267281,139197,34278,24441,29427,52834,40135,26519,44929,52362,84340,67539
536,705.590168,8.615558333,Positive,59295,13267,14707,25026,19496,27380,19745,31449,18041,6756,2306,0,0,2158,0,0,0,2469,3210,3024
420,706.539386,8.506783333,Positive,136357,72523,70107,95270,103972,91336,73401,115210,98802,30986,4806,3383,5934,16809,9021,5920,8470,10658,18991,14734
569,707.407106,10.55621667,Positive,4001,2324,3512,2467,4599,7016,2488,2816,2391,4705,2126,0,0,2629,0,3700,0,3706,0,2106
552,707.489972,10.66815833,Positive,5020,3731,5093,4413,6754,6346,3900,4221,3749,5625,6052,5989,4668,6374,4886,6590,5127,6202,4511,5198
633,708.509222,11.11208333,Positive,5466,4817,4950,5610,4341,3412,3856,2782,4784,4078,5684,5998,6497,3053,5752,5347,5718,5192,5321,5614
419,708.510977,10.66594167,Positive,100055,72980,74675,91366,64882,52258,82148,58852,64333,61394,93174,104584,90390,56854,82816,73916,94350,75867,90914,86000
557,708.612022,13.64500833,Positive,0,2679,0,0,7822,4263,10890,9497,7327,37704,6041,0,0,2041,0,0,0,14694,9408,4093
859,709.512988,11.11515,Positive,0,0,0,0,0,0,0,0,0,0,0,0,0,2089,0,0,0,0,0,0
418,710.626633,13.579275,Positive,0,2841,0,0,3657,2048,8797,4869,4826,20171,6851,0,0,0,2144,0,0,10389,11957,4852
417,710.629289,14.26613333,Positive,2573,6202,3599,3851,18107,7889,21479,25323,14831,25571,5940,0,0,0,0,0,0,8380,8569,3865
415,711.565224,9.084591667,Positive,19808,15710,18454,18422,19052,15444,19217,19709,15554,18099,14771,13514,14192,14230,13389,16159,16511,16719,14359,13199
767,712.36084,10.559,Positive,0,0,0,0,0,2355,0,0,0,0,0,0,0,0,0,2559,0,0,0,0
980,712.606911,11.7757,Positive,0,0,0,0,0,0,0,0,0,0,0,0,0,0,0,0,2168,0,0,0
749,712.641877,14.19276667,Positive,0,2630,0,2244,5735,2641,7127,8227,4259,6258,2570,0,0,0,0,0,0,3542,3805,2246
554,712.644871,14.94511667,Positive,3569,5443,3620,3847,16231,6366,16478,21017,10223,2573,0,0,0,0,0,0,0,0,0,0
614,713.568418,13.64404167,Positive,0,2074,0,0,5610,2886,7081,6090,5166,19719,3594,0,0,0,0,0,0,8009,5524,2515
414,715.584605,14.25408333,Positive,2177,4001,3127,2991,12479,5357,11782,11207,9577,11363,3011,0,0,0,0,0,0,4241,4120,2395
670,716.52186,8.847391667,Positive,3024,3581,2634,3881,4573,3752,4975,5726,4431,10403,0,0,0,0,0,0,0,3007,4357,3118
413,718.53893,9.654191667,Positive,9755,7335,6949,10378,9758,8582,9784,13685,8773,9224,2449,0,0,2477,0,0,2128,3833,5455,4659
715,718.574146,10.33479167,Positive,15908,3864,4139,5531,5040,6605,4981,8287,5147,4003,3640,0,0,0,0,0,0,2643,2764,2454
412,718.814156,17.429,Positive,6052,3960,5313,5624,6224,4532,5096,5146,3361,5123,4864,5149,4082,4731,3802,4676,4080,4561,4260,4455
577,719.568879,7.761691667,Positive,14827,4779,5223,8475,6278,5780,6678,9927,5890,5975,0,0,0,0,0,0,0,2264,3763,0
411,720.552848,9.032033333,Positive,37387,11971,12057,16736,15976,16217,15715,24591,16343,0,2196,2076,0,2343,0,0,0,0,0,0
590,720.588536,10.59885833,Positive,24655,9669,10667,16383,11187,11760,16628,20725,12304,4785,2583,3520,0,2626,0,0,0,3210,3707,3383
701,721.506493,10.672625,Positive,0,0,0,0,2061,0,0,0,0,2092,2603,2681,2302,2187,2184,2260,2443,2378,2508,2398
410,722.512326,8.481133333,Positive,17049,5575,5738,7834,10266,8819,9589,10684,9390,4964,0,0,0,0,0,0,0,0,2148,0
764,722.515281,10.66594167,Positive,2171,0,0,0,0,0,0,0,0,0,2000,2273,0,0,0,0,0,0,2075,0
409,724.526548,9.2025,Positive,38910,20921,22734,26163,30187,23085,24644,36623,26457,42804,5137,3234,8557,12281,11511,9269,13170,15823,19828,16111
407,725.39597,10.97576667,Positive,6965,6106,6905,7064,4687,4681,6536,3656,5617,5778,6227,7075,8758,5351,7935,7319,8633,7815,7550,8292
408,725.397081,12.01356667,Positive,111528,90484,123863,92215,129973,157076,93007,99581,78925,135060,79558,68295,74314,94962,74864,124508,71519,115361,66119,77796
1031,726.541755,9.680516667,Positive,0,0,0,0,0,0,0,2827,0,3429,0,0,0,0,0,0,0,0,0,0
403,729.588433,8.446283333,Positive,18808,9447,9838,9904,13542,12170,13788,15482,12856,9949,3878,0,2262,4633,3303,2315,3554,3593,6110,4268
402,730.351693,12.019425,Positive,9433,11008,14896,10137,13318,15372,7634,8530,8222,13168,11248,9774,13550,15521,12946,20080,12585,13582,8485,9994
610,730.537555,7.784283333,Positive,9790,6032,4536,9105,8261,6409,7860,12001,7411,7523,0,0,0,0,0,0,0,0,4532,2092
401,731.605811,9.325708333,Positive,46707,30653,30086,36878,45732,35672,41821,57565,36621,44210,24849,14205,10894,15429,13316,11565,14075,20876,28603,20635
400,732.554117,8.655566667,Positive,135074,79701,72747,118844,115420,109967,106557,159783,106418,52091,11106,9972,8634,25176,13172,5024,12692,15601,38422,31365
1045,733.618824,9.776008333,Positive,2175,0,0,0,0,0,0,2339,0,0,0,0,0,0,0,0,0,0,0,0
399,734.570222,9.658166667,Positive,362040,165104,172773,206296,221661,209499,201799,284169,211617,241290,99848,105318,64134,131023,85105,63075,89586,136147,159920,149122
398,735.43715,11.59098333,Positive,3529,2305,3514,2433,4351,6376,2439,2569,2182,4897,2238,0,0,2829,2008,4016,0,3558,0,2017
925,736.349552,8.286216667,Positive,0,0,0,2002,0,0,0,0,0,0,0,0,0,0,0,0,0,0,0,0
636,736.642479,13.64411667,Positive,0,2259,0,0,3817,0,8344,5467,5190,15163,4154,0,0,0,0,0,0,7738,7003,2942
397,736.6447,14.37308333,Positive,2775,7817,4662,5203,24308,10537,27625,30580,21313,14635,2814,0,0,0,0,0,0,4854,3770,2012
541,737.63928,8.295325,Positive,17063,9187,11616,11789,11735,9797,12018,11960,8826,12074,10405,9847,13988,11286,12933,10415,15162,12214,10480,11875
811,738.645557,7.591183333,Positive,2430,0,2405,2421,2596,2075,2407,2824,0,2480,2273,2200,0,2420,2059,2313,2553,2491,2015,2678
523,738.645622,8.911716667,Positive,22329,13182,16672,20392,16077,13107,15477,15826,10440,15159,12265,10471,0,14049,11564,13197,17768,16955,12847,16424
396,738.647232,8.2904,Positive,471621,255481,305282,327650,322383,266194,318699,320663,243386,319831,284660,267981,383493,291696,357367,270360,414943,331372,281710,318085
393,738.658885,14.27556667,Positive,2739,6584,3301,4355,11524,4938,20577,19014,13291,13584,4976,0,0,0,0,0,0,5806,7857,3413
395,738.660135,15.00785,Positive,10598,23479,14556,14379,71737,27744,76648,86332,59655,10252,2875,0,0,0,0,0,0,3129,4050,2454
894,739.375548,7.955066667,Positive,0,0,0,0,0,0,0,0,0,0,0,0,0,0,0,0,0,2011,0,0
747,739.600339,8.6829,Positive,0,0,0,0,0,0,0,2323,0,0,0,0,2631,0,2772,3061,2953,0,0,0
843,740.392631,11.58194167,Positive,0,0,0,0,0,0,0,0,0,0,0,0,0,0,0,2322,0,0,0,0
392,740.523811,8.681566667,Positive,11390,12599,9376,11195,11994,10666,12717,20033,10681,11758,2505,2418,0,0,0,0,0,3294,5842,3614
869,740.638734,12.69818333,Positive,0,0,0,0,0,0,0,0,0,3400,0,0,0,0,0,0,0,2730,2363,0
601,740.671021,14.96305833,Positive,4109,6579,3997,4721,13854,5693,19719,18876,13462,2447,0,0,0,0,0,0,0,0,0,0
391,740.675041,15.65098333,Positive,7950,12656,8647,7574,39022,15004,38693,41516,25461,3740,0,0,0,0,0,0,0,2007,2114,0
889,741.529404,8.1559,Positive,0,2625,2549,2370,3017,2786,2356,2528,2385,2623,0,0,0,0,0,0,0,0,0,0
599,741.600825,14.35113333,Positive,2463,4889,4207,3995,17068,6963,14831,11850,13874,7535,0,0,0,0,0,0,0,2754,2261,0
390,742.537045,8.97895,Positive,0,0,0,0,0,0,0,0,0,16414,0,0,0,0,0,0,0,5816,7011,4179
389,742.559835,7.523766667,Positive,12225,0,0,11520,0,0,11669,12232,0,0,0,11097,0,0,0,0,0,0,0,0
900,742.571761,9.468083333,Positive,2989,0,0,0,0,2120,0,3236,0,4551,2124,2239,0,0,0,0,0,2118,2430,0
388,743.615665,14.99665,Positive,6931,10746,9335,8586,24103,13017,21426,21250,19934,4503,0,0,0,0,0,0,0,0,2442,0
930,744.551942,8.358066667,Positive,5358,0,0,4244,2005,2199,3868,3891,3594,2686,0,0,0,0,0,0,0,0,0,0
558,744.554935,9.917216667,Positive,9320,6543,5293,9139,7022,6488,9023,15395,6787,12392,3854,4610,0,2200,0,0,2127,5972,7561,5458
783,744.589643,10.41221667,Positive,6948,3819,2963,3871,3785,4403,3512,6569,3166,2815,11976,3198,0,0,0,0,0,2202,2291,0
635,745.559345,9.841,Positive,0,0,3377,0,4668,0,0,4573,4012,0,0,0,0,0,0,0,0,0,0,0
387,745.594399,12.69818333,Positive,0,0,0,0,0,0,0,0,0,3407,0,0,0,0,0,0,0,2751,2369,0
386,746.567534,9.174966667,Positive,22925,14790,16240,20593,18369,18797,16340,30893,16046,6739,3575,4073,0,2462,0,0,0,3407,4671,3530
519,746.59378,10.7246,Positive,70467,30075,32827,50651,41743,41995,42956,69639,36631,18339,8906,6300,3737,4729,3207,0,5572,5868,8766,7645
385,746.845637,17.55966667,Positive,5120,3668,5188,5202,5580,4048,4565,4739,2872,4355,4162,4538,3536,4059,3330,4066,3526,3906,3527,3827
381,748.525994,8.50195,Positive,0,2188,0,2752,2787,2111,2778,4370,2616,3004,0,0,0,0,0,0,0,0,0,0
384,748.528234,8.91155,Positive,46471,51280,35130,43658,42009,47603,48713,91628,34810,68104,56143,43957,0,13942,0,7704,0,29886,40823,23896
773,750.542267,9.6024,Positive,6054,4257,3661,5108,5635,4678,5441,8391,4625,3521,0,0,0,0,0,0,0,0,0,0
380,750.542571,9.281683333,Positive,27354,20399,18541,21924,25073,19391,21489,35765,22678,16718,4049,3066,5269,4052,3920,3404,5160,8435,6983,5735
379,751.269183,9.097425,Positive,8674,6951,8569,8556,8733,7663,8540,9309,6575,8785,8209,8028,7340,8152,7341,8181,8445,9116,7671,8096
729,751.598579,9.110858333,Positive,3213,2738,3427,3409,3562,2969,3188,3500,2475,3589,3590,3541,3462,3699,3448,3678,3718,3929,3236,3775
538,752.560538,10.279,Positive,15205,7918,7912,9241,11157,8049,10045,16880,8843,13950,2735,2272,2355,3270,3205,2494,3468,5748,8769,4565
591,752.560559,9.988933333,Positive,9104,4414,4796,6292,6481,4398,5164,7987,5251,5074,0,0,0,0,0,0,0,2393,2636,2285
499,752.606489,9.0978,Positive,113962,93088,98888,111848,99844,85977,98948,100241,75315,101947,96439,92647,92041,96104,88599,97152,96977,104580,91353,97605
377,753.427372,12.01383333,Positive,7913,7946,8143,8158,5916,5080,7756,5451,6343,6107,7434,7158,8271,5025,7915,7757,8735,7573,7314,7418
378,753.428835,12.96579167,Positive,66593,71277,84494,56053,80561,77040,70051,72582,54840,85768,65685,52075,59334,70606,57023,81930,54322,80250,50058,50394
375,753.609739,10.202425,Positive,3136,5526,6690,7069,6451,5543,6967,6213,5270,6057,10883,10400,5913,10450,5159,9979,10865,6987,6180,11505
376,753.610154,9.9891,Positive,13120,13783,15406,17837,16488,12392,17862,16627,12587,14997,16492,17097,14823,14935,13885,15839,17125,15865,15679,15134
598,753.61207,11.6514,Positive,9422,6137,18258,18475,16902,15673,7856,7527,0,7588,10922,2703,98630,12707,22661,13076,13023,18469,16583,11027
1079,753.612155,12.69375,Positive,2637,0,2419,0,0,2213,0,0,0,0,0,0,0,0,0,0,0,0,0,0
374,753.61351,9.097425,Positive,1902500,1560165,1848460,1879735,1866544,1594600,1805365,1918942,1441049,1911056,1770407,1716438,1628749,1805325,1639645,1787283,1793065,1931626,1655901,1776435
373,755.553821,7.498325,Positive,8185,4564,4246,5756,5026,4473,5906,6844,5150,5781,4056,3537,3462,3759,3707,3559,4073,4990,3930,4222
370,756.553281,8.093483333,Positive,7942,5344,5315,17855,15844,6383,7868,10216,14859,6144,3129,3893,0,2070,0,0,0,7875,4263,4076
369,757.619421,9.559141667,Positive,5304,4574,3083,4518,6240,3623,4957,8214,2442,7342,7671,7222,0,0,0,0,0,2230,0,0
368,758.219622,9.749358333,Positive,3307,2430,2356,3015,2740,2847,2540,3956,2484,2431,0,0,0,0,0,0,0,0,0,0
722,758.220941,12.10851667,Positive,0,0,0,0,0,2093,0,0,0,0,0,0,0,0,2179,0,0,0,0,0
367,758.383428,12.971125,Positive,8082,12122,14306,9245,14069,13948,9536,10122,9246,12913,12610,10941,13722,16583,13068,18046,12827,13436,9463,10029
366,758.570106,8.911316667,Positive,255256,166411,141080,194138,167139,197959,195425,306641,173179,428651,123189,150949,37262,108194,57742,30842,72693,192596,296526,205124
365,759.586953,7.523766667,Positive,20158,14819,18524,19135,17789,13755,19483,20352,12375,17901,17061,18746,16212,17853,14487,16660,15755,19125,15616,18121
364,759.636232,10.5645,Positive,17283,14010,13271,13387,19576,16710,19390,29602,14682,17566,26006,24287,4720,7531,4876,4321,5284,12015,13964,9321
363,760.586431,9.747383333,Positive,658607,537981,491408,554787,565424,606057,540112,810273,505293,497029,283491,269593,94338,188040,118124,80833,131898,254991,361981,326182
504,760.586672,10.395475,Positive,62918,139460,32734,150336,32900,34039,64685,49242,126605,29732,17800,68144,17811,44076,32905,20654,34604,18375,94774,25776
804,762.505227,7.537116667,Positive,0,0,0,0,0,0,0,2616,0,2964,0,0,0,0,0,0,0,0,0,0
359,762.600605,10.90598333,Positive,36750,16879,15952,20136,19769,20552,20574,30681,18414,18819,14454,13708,6678,9961,7366,5719,7262,11864,15018,14191
358,763.4537,1.034558333,Positive,3048,0,2982,2448,2862,2723,2089,2220,0,0,2170,2425,0,0,0,0,0,0,2253,2106
628,763.468771,12.553875,Positive,2483,0,2638,0,3262,4586,0,2224,0,3797,0,0,0,2164,0,2919,0,2579,0,0
793,763.526933,7.523858333,Positive,0,0,0,0,0,0,0,0,0,2225,0,0,0,0,0,0,0,0,0,0
357,764.522681,8.427141667,Positive,75269,75737,64873,65863,68184,86852,68792,103116,59524,83096,56943,66586,15728,30369,21531,20156,24237,55023,55417,42447
1006,764.522784,8.118908333,Positive,0,2771,0,2082,2848,2847,3442,4665,2589,2427,0,0,0,0,0,0,0,0,0,0
356,764.541949,7.523741667,Positive,0,9852,12271,0,13501,12156,0,0,9525,13805,12158,0,10514,13650,10853,13596,12372,13605,10831,11320
355,764.674569,14.37033333,Positive,2633,7081,3564,4997,12126,6080,25180,21809,17889,8039,2192,0,0,0,0,0,0,3032,3324,0
354,764.676308,15.07841667,Positive,13373,36884,22947,22921,113986,48315,121158,122132,100689,19283,4024,0,0,0,0,0,0,5806,6390,4008
353,766.538654,8.816666667,Positive,22870,30229,12973,20141,18201,14108,18004,55055,26631,19076,4930,4586,0,2621,2173,0,3504,5224,7236,3938
352,766.571398,9.149816667,Positive,21643,9687,10109,10534,10740,10996,8859,15999,9509,12383,4233,4628,2241,3972,4179,2638,4370,6290,6610,5510
774,766.654741,12.78609167,Positive,0,0,0,0,2039,0,0,0,0,3191,0,0,0,2221,2352,2276,2813,3724,3688,3047
350,766.688596,15.01068333,Positive,9240,20377,10489,12358,34516,14211,43115,39339,33765,6575,2605,0,0,0,0,0,0,2494,3904,2327
351,766.69125,15.6976,Positive,35727,77163,50521,45035,223350,84889,236830,232018,193426,27944,8508,2143,3182,3069,2641,0,0,7766,13740,9164
911,767.627403,9.480583333,Positive,0,0,0,0,0,0,0,0,0,2040,0,0,0,0,0,0,0,0,0,0
587,768.537212,0.842616667,Positive,2277,0,0,0,2522,0,0,0,0,0,0,0,0,0,0,0,0,0,0,0
348,768.554921,9.7485,Positive,61063,78862,58531,64351,70726,63406,67988,122184,60597,71486,46399,35012,8293,15163,10930,9225,13103,31131,35619,25324
347,768.588011,9.456166667,Positive,35692,13243,14674,22042,17561,17020,17051,20281,14232,10341,2501,3143,0,4296,3251,0,3351,4521,6458,5253
346,768.706246,16.27206667,Positive,18914,26593,20343,15287,61081,32057,57817,58526,40475,12794,8034,2851,4537,3596,3486,2326,2086,7153,8772,7037
345,769.631508,15.07805833,Positive,8984,16605,15036,13613,36586,21234,31357,28199,30522,7720,2279,0,0,0,0,0,0,3185,3834,2838
668,769.704252,15.66596667,Positive,2879,4310,3121,2949,8715,3634,10695,9712,7826,0,0,0,0,0,0,0,0,0,0,0
342,770.570228,10.20626667,Positive,8820,5345,5222,7332,6839,7008,7292,10272,6399,5356,0,0,0,0,0,0,0,2634,2606,2434
760,771.610135,12.78491667,Positive,0,0,0,0,2036,0,0,0,0,3120,0,0,2127,2556,2526,2526,3004,3561,3604,3019
341,771.646581,15.690175,Positive,13788,17575,17356,15012,26839,19707,24303,25829,23176,4324,3735,0,0,0,0,0,0,2392,4590,4129
632,772.583214,9.44685,Positive,7882,5660,4564,12431,11526,11461,11641,18811,5567,8213,4582,5528,0,0,0,0,0,4793,4883,5060
881,773.586757,9.33515,Positive,0,5048,0,0,0,0,0,0,0,0,0,0,0,0,0,0,0,0,3372,0
860,773.651775,11.16835833,Positive,4141,3562,3300,3156,4370,4591,5600,8746,3194,2435,4314,6015,0,0,0,0,0,2208,2087,0
600,773.661123,16.26765833,Positive,3216,3542,3451,2655,4413,4494,3642,4688,2902,0,0,0,0,0,0,0,0,0,0,0
566,774.598516,10.38498333,Positive,16999,22938,11464,14969,19605,21587,14157,33690,10712,7502,7493,7111,0,2448,0,0,0,4909,4893,3971
339,774.876809,17.69233333,Positive,0,0,0,0,2026,0,0,0,0,0,0,0,0,0,0,0,0,0,0,0
517,775.590762,9.039091667,Positive,11720,18189,17123,17032,13831,12058,13730,14358,14734,12751,15190,16583,18322,17655,15939,21666,15363,17404,12268,13463
643,775.596097,10.3164,Positive,9107,12711,17707,7021,14984,18058,13973,20157,11207,5178,6614,6150,2189,3141,3721,2253,4350,5757,4122,2801
976,776.095335,9.293983333,Positive,0,0,0,0,0,2113,0,0,0,2211,2687,2526,4482,3887,3197,4223,3189,2717,0,2803
338,776.560317,9.986808333,Positive,15209,23917,14375,18058,17969,20857,23768,56404,15367,23056,26127,34449,3092,4244,3481,2816,4068,14065,15502,8568
546,776.596273,9.3615,Positive,0,9920,12603,0,0,0,0,0,0,18684,24796,17146,24314,38176,33225,29403,22978,22278,14966,18650
337,776.599559,8.303775,Positive,0,0,0,0,0,0,0,0,0,0,0,0,3537,3001,3478,3392,3524,0,0,0
713,777.598983,9.3212,Positive,2173,2434,3127,2908,2471,2110,2819,2486,3006,2956,6125,0,6098,7029,5833,0,3726,5504,3596,4846
753,778.538139,8.938216667,Positive,0,2011,0,0,0,0,0,4092,0,0,2801,4478,0,0,0,0,0,0,0,0
615,778.5747,10.33756667,Positive,5584,5174,3849,4683,5783,4820,5898,12084,4664,2395,2576,0,0,0,0,0,0,0,0,0
1019,779.541347,8.9505,Positive,0,0,0,0,0,0,0,3697,0,0,0,0,0,0,0,0,0,0,0,0
608,780.552642,7.749833333,Positive,9101,6293,5224,8770,7834,0,5806,7907,5676,5068,0,0,0,0,0,0,0,0,2431,0
335,780.554093,7.971683333,Positive,19109,16769,12401,18258,26660,17876,28291,32020,15379,11808,3697,4764,0,4379,0,0,2030,3934,7108,4589
522,780.705981,16.01836667,Positive,8616,17702,12202,11333,58137,20397,58383,58445,46860,3358,0,0,0,0,0,0,0,0,0,0
334,781.458875,12.96925,Positive,6130,7625,6838,6103,4622,4083,6695,5083,5634,5457,6911,6366,7728,4597,6909,6515,7220,5974,6448,5871
333,781.459789,13.842025,Positive,21379,30846,24982,17323,18368,19793,27612,25674,22738,23534,35310,30599,32200,30626,29441,26155,26842,32627,26924,17116
568,782.567339,9.9907,Positive,9389,8740,11286,9019,12396,11979,10033,6829,12377,5532,5874,5302,5027,5804,4932,2768,6162,5891,7920,8163
329,782.56785,8.201766667,Positive,5656,5886,4048,6555,6258,6202,6692,21585,11559,28784,5224,7094,0,3554,2212,0,2945,12478,16280,7260
330,782.57021,8.671075,Positive,247100,198554,171727,195981,197822,178426,179810,279717,161935,206282,94206,122716,29731,73190,50796,26335,52955,78068,129617,81477
737,782.713471,16.01248333,Positive,2267,3583,2556,2554,9394,3504,9667,9598,7582,0,0,0,0,0,0,0,0,0,0,0
327,782.720182,16.48343333,Positive,6893,8367,7170,6188,14004,8752,12755,14587,9385,0,0,0,0,0,0,0,0,0,0,0
520,784.584166,9.202483333,Positive,40353,37932,31522,35028,40444,42234,38035,68487,37832,42318,0,0,5898,13460,8048,4876,9586,19167,25373,21141
535,784.58467,9.46825,Positive,23638,23101,21006,31119,25189,23046,21869,32582,18853,11203,2955,0,0,3440,2576,0,2123,5168,6732,5362
326,784.585398,8.993725,Positive,53957,46081,35992,60241,47032,46083,55237,80082,44499,145551,35001,41697,9893,27411,16526,9043,21451,57433,85715,57578
662,785.577953,8.669066667,Positive,5870,4424,4089,4549,4791,4540,4199,6386,3958,5237,2293,3013,0,0,0,0,0,2019,3291,0
325,785.592776,1.034333333,Positive,201080,66089,74643,79318,82567,127952,80007,79583,117283,85047,89136,98380,57134,67847,59531,36552,75386,56142,110426,81467
574,785.650734,10.7846,Positive,17502,18131,11501,10618,13909,22112,17041,35275,12729,8057,5212,6116,0,3419,2138,0,2349,4028,5820,4080
807,786.060325,2.974741667,Positive,2414,0,0,0,0,0,0,0,0,0,0,0,0,0,0,0,0,0,0,0
324,786.414929,13.84218333,Positive,5869,8099,7987,5184,5688,6120,6841,5733,6331,6342,9028,6426,9981,10340,9651,9516,9298,7997,6781,5445
321,786.601306,9.844525,Positive,86338,66534,58241,76566,86493,59195,75284,96805,67929,58308,25355,32557,9649,20895,14101,8334,16253,32880,51606,45793
322,786.601726,10.06370833,Positive,302863,230240,192578,155511,158056,165466,158284,275336,138882,303866,122437,106711,34000,77730,46280,31182,56925,163009,190896,149209
698,786.60183,7.523833333,Positive,2192,0,0,2253,0,0,2055,0,0,0,0,0,0,0,0,0,2145,0,2040,2005
649,786.647569,10.77426667,Positive,11241,6462,6684,6904,8479,7609,11300,11763,8174,0,2807,3710,0,0,0,0,0,3943,5893,3936
320,787.616958,7.523741667,Positive,23700,16507,14490,23190,9578,6286,21169,11901,13595,10902,17620,18810,21420,8573,16819,11626,22495,14633,21337,19340
319,787.668504,11.73425833,Positive,83076,46164,51607,46091,60642,59205,83125,89257,51439,31722,19883,20574,7233,11532,8318,6922,9010,17852,23215,17240
625,788.522042,7.7794,Positive,0,3257,0,2185,2029,2634,2620,7417,0,4692,4647,6520,0,0,0,0,0,0,0,0
833,788.541142,8.422466667,Positive,6615,2406,2244,6710,3004,2833,7107,2348,3885,2433,0,0,0,2422,2345,0,2347,2177,4835,5294
318,788.616966,10.9961,Positive,227039,209169,165507,191118,190970,193255,191586,311540,159437,139406,185924,89094,26645,50560,31630,28729,33636,92680,97407,90006
316,789.561468,5.673916667,Positive,2911,0,0,0,0,2719,0,2269,0,0,2617,3456,0,0,0,0,0,0,2017,0
315,789.621214,12.71108333,Positive,2501,0,2395,2350,2668,2451,2173,2628,0,2061,2204,2329,0,2433,0,2157,2002,2117,0,2179
685,789.671511,11.71211667,Positive,11241,6601,7591,6488,8851,8349,11204,11364,7581,4583,3011,2866,0,0,0,0,0,2572,3016,2318
1061,789.676824,12.18928333,Positive,4081,0,0,2169,2038,2152,2892,2924,0,0,0,0,0,0,0,0,0,0,0,0
314,790.538559,8.542233333,Positive,33272,49617,31994,37895,36386,50107,41064,72742,31155,59802,36021,49884,3969,6612,5755,4475,7009,25059,27613,10292
312,790.573856,8.871583333,Positive,15000,25851,16797,21362,18086,23281,22935,50733,14041,19124,55141,70773,0,4682,3618,0,3003,19003,25184,9213
880,790.689854,14.46500833,Positive,0,2030,2086,2815,7693,0,7066,3894,10171,2785,0,0,0,0,0,0,0,0,0,0
311,790.691554,15.18195833,Positive,9616,29556,17480,17470,96399,42260,101053,100683,86424,26236,4403,0,2491,2151,0,0,0,7971,8358,5239
703,791.566976,9.35465,Positive,6834,3177,6309,6248,7558,9769,2578,7395,5387,5584,6256,6201,10608,13819,6156,10983,7146,7103,7033,5695
310,792.554719,9.478766667,Positive,62363,137705,85936,105068,87306,121255,110175,229592,74653,96692,140099,190291,8149,14911,11130,8679,11367,80431,92027,40247
309,792.585649,9.058316667,Positive,9757,8220,6204,7891,8823,10080,8469,15060,6539,11824,21064,21185,0,3397,2559,2152,2524,6887,9037,4908
854,792.670001,12.869,Positive,0,0,0,0,0,0,0,0,0,2816,0,0,0,0,0,0,2216,3064,2635,2252
307,792.704414,15.09188333,Positive,10642,26443,14143,16805,36268,19024,53956,45371,50099,10910,3351,0,0,0,0,0,0,3871,5549,3506
308,792.707016,15.75955,Positive,50338,133155,87737,80231,395478,172930,404172,361238,356537,94446,22022,5888,9801,9457,7374,4137,4819,26901,40863,28540
305,794.56965,9.808516667,Positive,9589,12164,9604,10770,11718,10041,10364,19601,9660,5421,2411,2567,0,0,0,0,0,2652,2957,2614
304,794.598152,9.549825,Positive,30898,10992,13198,18262,14829,13700,11490,19592,12105,6992,0,0,0,0,0,0,0,3269,2859,2464
955,794.683546,12.78826667,Positive,0,0,0,0,0,0,0,0,0,0,0,0,2125,0,2022,0,2668,2607,3332,2572
513,794.717486,15.72748333,Positive,21696,39173,26814,27982,71269,35514,86719,72632,73860,17495,7099,2129,3418,2405,2598,0,0,6196,12051,8222
303,794.722274,16.30423333,Positive,109437,191280,142332,119061,427573,207021,438267,417034,371987,151442,63282,14085,28385,23730,20994,11434,11286,52549,94722,70019
302,795.628414,14.49441667,Positive,10606,29718,14504,20517,20341,25621,24885,53087,16343,24268,25874,49675,0,2334,0,0,0,16384,17042,7868
301,795.647419,15.19453333,Positive,6543,14279,12243,11515,37807,20460,33761,26882,32887,11488,2651,0,0,0,0,0,0,4781,5053,3817
300,795.722112,15.7058,Positive,0,0,0,0,20878,10795,26955,22284,22776,5053,0,0,0,0,0,0,0,0,3884,0
979,796.524957,8.937833333,Positive,0,0,0,0,0,0,0,0,0,0,0,0,0,0,0,0,0,0,0,2096
746,796.58326,9.229033333,Positive,4485,4092,3481,3811,4058,3623,3630,5659,3140,3374,3704,3318,0,0,0,0,0,2116,2247,0
630,796.588985,10.50540833,Positive,9384,4700,4809,7208,5875,4524,5306,6475,4749,4448,0,3333,0,0,0,0,0,2056,2688,2217
299,796.736463,16.64533333,Positive,13247,19957,15272,10127,30140,26700,30503,32977,21407,8878,18217,6864,11904,9020,8752,5550,4500,15841,14982,14721
970,797.586529,9.226333333,Positive,0,0,0,0,0,0,0,5979,0,0,0,0,0,0,0,0,0,0,0,0
906,797.625982,12.8665,Positive,0,0,0,0,0,0,0,0,0,2093,0,0,0,0,0,0,2129,2375,2241,0
298,797.662189,15.75920833,Positive,20840,28892,28682,25770,39196,34946,36062,38740,35710,16110,10202,3354,5936,6003,4827,3031,3444,9408,13517,12070
296,799.67694,16.29785,Positive,13080,16250,15321,13466,21880,18093,20627,22993,19102,7277,8669,3276,4928,5683,4984,3535,3363,5495,8613,8149
294,801.552812,7.16365,Positive,2296,0,0,0,2026,2548,0,0,0,2591,0,0,0,0,0,0,0,0,0,0
292,801.596985,7.300558333,Positive,4141,5304,4432,4390,3169,0,3518,3993,0,2636,3305,3480,8372,6955,7596,8151,5936,4131,3105,4152
293,801.597062,7.537033333,Positive,13855,11585,9779,10342,6794,4377,8106,8512,4677,8564,6756,6623,17253,23833,16113,16917,11681,8792,6072,11522
291,801.683747,12.36333333,Positive,29545,15129,15839,18591,18439,16797,25683,32042,15809,10187,5605,5496,0,3084,0,0,2367,6046,6375,4830
916,804.058609,8.3986,Positive,0,0,0,0,0,0,0,2858,0,0,3088,4620,0,0,0,0,0,0,0,0
287,804.552562,7.77725,Positive,0,2825,0,2170,2280,2324,2673,4734,0,0,0,2594,0,0,0,0,0,0,0,0
288,804.552779,7.510483333,Positive,4577,6277,4493,7120,6672,7040,7132,14189,4339,4849,3611,8308,0,0,0,0,0,2024,3204,0
987,804.588805,11.04459167,Positive,0,0,0,0,0,0,0,3246,0,0,0,0,0,0,0,0,0,0,0,0
283,806.566961,8.97935,Positive,0,0,0,0,0,0,0,0,0,0,65686,128032,0,0,0,0,0,0,0,0
924,806.567387,9.575066667,Positive,0,0,0,0,0,0,0,0,0,0,0,3141,0,0,0,0,0,0,0,0
286,806.569106,7.98825,Positive,16647,15457,11159,15625,15938,13222,13607,26381,13178,16341,6734,11158,0,3193,2838,0,3392,6234,8042,3923
285,806.569466,8.401316667,Positive,242211,372119,264837,326673,293534,378612,346182,602387,240958,297375,664755,999641,44647,115484,79798,37701,68341,313390,407079,210976
594,806.647528,11.59475,Positive,6863,5292,5249,5689,4750,4713,7438,4338,4233,0,0,0,0,0,0,0,0,0,0,0
282,806.719113,15.44251667,Positive,0,4435,2783,3104,8838,3552,13145,10499,10205,0,0,0,0,0,0,0,0,0,0,0
281,806.721895,16.07863333,Positive,10571,26632,17906,16732,93160,33805,97469,80776,77261,11308,2733,0,0,2144,0,0,0,6305,5045,3416
278,808.585521,8.779075,Positive,119785,116113,81589,114842,107054,83890,97784,177312,84415,57551,32412,55581,8939,16150,14058,7432,15860,24685,35658,21214
276,808.736528,16.51095,Positive,27651,49533,36238,32941,112999,53926,115504,109316,93175,8169,5067,2608,3658,3060,2608,0,2325,5331,6049,5124
275,809.489896,13.842025,Positive,3708,4717,3560,3366,2118,0,4181,3084,3421,2741,4715,4593,5340,3113,4454,3555,4395,3855,4398,3122
274,809.490874,14.64590833,Positive,2533,4420,3240,2704,2276,5433,4162,3052,4592,2851,8525,8927,7717,5105,7212,2994,6348,5520,6726,2716
1069,809.572529,7.816475,Positive,0,2552,0,2216,0,0,0,0,0,0,0,0,0,0,0,0,0,0,0,0
547,809.587663,9.032366667,Positive,17333,16991,12879,15699,20690,18392,18505,33013,15485,8558,6022,10909,0,2806,2016,0,2150,4710,6276,3981
992,809.649897,9.892941667,Positive,3517,0,0,2148,0,2483,0,3836,2401,0,0,0,0,0,0,0,0,0,0,0
268,810.599202,9.281866667,Positive,8948,8428,6920,9406,9943,7458,7475,11291,7572,9886,3069,3203,0,3490,2515,0,3049,4624,5052,4168
270,810.600047,9.49835,Positive,30106,22461,20691,27810,26188,21222,19755,30189,19500,16327,5104,4965,2948,6055,4633,2838,4600,7759,8821,7193
269,810.602114,9.78925,Positive,157890,171189,134903,134538,150121,127253,124565,211589,117430,158656,236376,150332,33618,62042,43312,31669,46213,89288,106718,69437
267,810.751392,16.76383333,Positive,6077,7722,6601,4813,9047,9526,9084,10921,8155,0,2525,2338,2759,2163,0,2543,0,2538,0,3261
266,811.665912,10.79438333,Positive,62390,14934,23299,33575,30091,24948,31848,53825,35201,28543,4260,3180,7185,13178,8985,7274,10909,14093,18543,16439
725,812.542901,8.118666667,Positive,6773,3275,2645,3854,3807,3595,4638,6965,4995,5457,0,0,0,0,0,0,0,2292,2794,2587
265,812.60812,20.27666667,Positive,0,0,0,2138,0,0,0,0,0,0,0,0,0,0,0,0,0,0,0,0
264,812.616508,10.38539167,Positive,32881,37543,28902,31445,33757,33849,31438,60279,26544,34023,19320,14234,5984,11446,7454,5343,8524,17444,19633,16416
263,812.654832,14.496075,Positive,5421,15500,7509,10912,11255,12836,13144,28145,8436,12064,13771,25044,0,0,0,0,0,8189,8725,4571
779,813.524381,8.546133333,Positive,3149,2125,0,0,0,2184,0,2228,0,3087,0,0,0,0,0,0,0,0,0,0
262,813.684713,11.68945833,Positive,257002,93224,116887,162664,147736,139600,148984,212098,148678,81833,24631,16377,23766,34573,24005,20831,28756,45266,54777,57239
260,813.686488,12.6911,Positive,2682,30482,7144,2129,0,0,0,0,48654,0,7248,0,2965,3457,2505,0,3083,3419,0,0
743,814.445367,14.64,Positive,0,0,0,0,0,0,0,0,0,0,2290,0,2984,0,2790,0,2634,0,0,0
675,814.555961,8.528591667,Positive,6190,2662,2708,3547,3011,3795,3576,5081,4192,7672,0,0,0,0,0,0,0,3522,3821,4071
258,814.632002,11.13951667,Positive,6038,9515,4345,7133,11844,4876,5506,7434,4348,10488,8414,7070,2240,4141,0,0,0,4260,7693,6683
791,815.695644,12.153125,Positive,14449,3631,4523,6802,5427,6290,5576,7760,5444,3013,0,0,0,2578,0,0,0,0,2284,2093
257,815.700307,12.914575,Positive,104689,36973,46463,51257,53615,48082,60078,78918,54144,39240,7547,6075,12002,17226,11270,10095,12452,16874,27997,18807
963,816.585465,9.549141667,Positive,2161,0,0,0,0,0,0,0,0,0,0,0,0,0,0,0,0,0,0,0
781,816.588718,8.978216667,Positive,0,0,0,0,0,2257,0,3606,0,2708,3224,8304,0,0,0,0,0,2339,2560,0
255,816.703489,14.64116667,Positive,0,0,0,0,3809,2279,6697,6235,5392,2144,0,0,0,0,0,0,0,0,0,0
256,816.707251,15.33491667,Positive,4351,11954,7315,7100,42810,16952,45549,43472,39919,34281,4630,0,3809,2802,0,0,0,10948,10073,7001
733,818.182546,16.35119167,Positive,0,0,0,0,3698,2104,3895,3417,3522,2303,0,0,0,0,0,0,0,0,0,0
840,818.602862,9.202008333,Positive,4289,3373,3279,3465,3870,4003,2639,3598,2234,2758,3009,6565,0,0,0,0,0,0,0,0
933,818.604328,10.02791667,Positive,0,0,0,0,0,2024,0,4126,0,0,2934,6833,0,0,0,0,0,0,2009,0
253,818.720177,15.18746667,Positive,7889,18859,10453,12440,32166,14880,50037,40153,41617,9740,4050,0,2070,0,0,0,0,5745,7405,4591
252,818.722843,15.83255,Positive,38444,118324,75446,69860,386389,170633,404977,320256,358746,200946,40326,11639,21934,19847,14420,8720,9248,60531,79065,52277
250,820.584116,8.924833333,Positive,3166,5847,3789,4566,4200,5604,7639,12371,3424,4132,16201,23719,0,0,0,0,0,5556,6712,2317
988,820.620384,10.31445833,Positive,3869,0,0,2520,2986,3121,2600,4987,0,0,2226,2912,0,0,0,0,0,0,0,0
511,820.73414,15.7932,Positive,25098,45822,32863,34935,79455,42711,97646,85807,83128,41811,14138,4679,9049,5569,5692,3308,4094,15729,25083,19004
533,820.735019,16.81633333,Positive,0,10382,8137,7109,22243,12326,23468,20114,20936,0,0,0,0,0,0,0,0,2036,0,2567
249,820.738519,16.35165833,Positive,182593,368870,278501,245072,798301,425787,804888,724853,740547,475157,187088,54343,101318,85884,73945,42844,44716,201935,293332,230318
248,821.662785,15.33469167,Positive,3260,7205,5571,5136,19702,10059,18342,18078,17704,16040,3285,0,2199,2410,0,0,0,7273,6812,4757
247,821.738915,15.77245,Positive,0,0,0,0,24997,0,0,26165,28026,12501,0,0,0,0,0,0,0,0,0,0
245,822.750766,17.1015,Positive,0,0,3554,0,11244,0,2233,2094,7954,0,4043,0,2284,0,0,0,0,3052,0,0
246,822.75326,16.6586,Positive,93001,180334,130838,96089,354549,201250,368479,327397,283308,270895,163303,41630,80022,67784,66193,36203,34498,139991,265402,206453
244,823.678481,15.83879167,Positive,18875,34731,30574,27973,51292,44410,47718,47426,46579,28516,17119,6461,11713,11659,8720,6020,6223,18132,23158,20536
243,824.767175,16.85791667,Positive,19239,20585,19712,13787,14228,29988,16194,22437,18530,36705,31536,24697,31925,24656,24351,18406,13293,23934,14251,22197
242,825.692613,16.33868333,Positive,19765,24698,24231,21644,34001,28506,32860,34126,30992,18925,17174,8651,11936,13644,11752,9595,9253,13974,18806,17806
241,827.213865,16.64546667,Positive,2466,0,2301,2533,0,0,0,0,2044,0,0,0,0,0,0,0,0,0,0,0
542,827.707144,16.65731667,Positive,3666,5541,4592,3528,7264,6336,7069,7270,5586,3947,4792,0,2738,2645,2458,0,0,3325,4836,4503
1058,828.542312,8.872675,Positive,0,0,0,0,0,0,0,0,0,0,2095,2631,0,0,0,0,0,0,0,0
502,828.788413,16.64546667,Positive,30037,21202,28449,30468,18062,20007,16470,22580,24755,8689,16533,23345,17869,19920,21292,22218,21083,16203,14084,15269
537,829.581105,7.16365,Positive,9002,5281,4666,7460,4275,4930,5954,4987,5102,6301,4881,4822,4877,3922,4382,3890,5236,4701,4685,5224
704,829.794054,17.10083333,Positive,11169,0,0,0,0,0,5845,0,11917,2227,0,0,0,0,0,0,0,4347,0,5279
236,829.796914,16.64521667,Positive,533903,346726,491106,546971,283510,330644,262572,377112,439683,143582,279000,429049,312870,352986,377254,400621,382964,273389,231980,256705
234,830.569144,7.747733333,Positive,10456,21317,11376,17827,13924,18525,19449,55343,11569,29399,25880,78259,0,2267,2518,0,2361,14415,20497,4794
233,830.581684,7.152716667,Positive,6705,4061,4167,5637,4065,3857,4984,4680,3772,5045,4515,4862,3956,3738,3756,3710,4417,4393,4070,4460
681,830.721629,15.62226667,Positive,0,2238,0,0,6826,2693,7335,7445,7539,12929,0,0,0,0,0,0,0,5715,3528,2150
1013,830.797419,17.101,Positive,0,0,0,0,0,0,0,0,0,0,0,0,0,0,0,0,4278,0,0,0
231,832.58528,8.500083333,Positive,36298,45870,32159,43960,63143,47031,34235,77683,27720,40921,33621,69467,3604,7232,7167,3651,7150,20287,20138,8387
565,832.662807,11.589975,Positive,10551,5340,5763,9644,6113,5983,7256,5756,5910,0,0,0,0,0,0,0,0,0,0,0
904,832.734578,15.53698333,Positive,0,2576,0,0,5151,2968,8074,6066,6505,3621,0,0,0,0,0,0,0,0,0,0
230,832.738153,16.1517,Positive,7257,19611,13284,12236,70925,26252,73074,60521,62590,33963,6060,3293,3708,4039,2903,0,2773,15241,11128,7508
1053,833.64946,11.09915833,Positive,3720,0,0,2395,0,0,2198,2659,2088,0,0,0,0,0,0,0,0,0,0,0
724,833.746626,16.64430833,Positive,0,0,0,0,2786,0,2657,2379,2372,0,0,0,0,0,0,0,0,0,0,0
227,834.59964,8.9982,Positive,7732,12026,7706,9891,9920,10493,9167,20288,8325,5289,4163,2233,0,0,0,0,0,2003,2462,0
225,834.601175,9.493616667,Positive,137823,327549,203866,238548,213214,295589,255573,539307,164987,198280,833775,888883,22297,57113,35308,20741,27755,262765,290214,117201
551,834.679407,12.54421667,Positive,19497,7460,9139,12040,9684,11169,12065,13964,8797,0,0,0,0,0,0,0,0,0,0,0
224,834.75258,16.56176667,Positive,41824,99172,79264,76309,227374,108158,229411,203043,202568,53741,29591,26443,24490,27202,24472,23638,25826,36864,32190,28222
221,836.541928,8.480808333,Positive,4356,4981,2679,0,0,2439,6058,2039,3574,9140,6722,4557,0,2692,2185,0,2489,2200,6092,3550
222,836.543868,7.850058333,Positive,14065,10074,5354,8612,7606,9556,11040,21633,9656,24370,15788,11691,2635,4838,3465,2315,3803,7796,12742,8204
1010,836.60354,8.892766667,Positive,3389,5189,0,4283,0,0,3713,4922,0,2342,0,0,0,0,0,0,0,0,0,0
219,836.615464,10.27835,Positive,8982,13437,9811,13193,10947,11425,9926,22535,8355,6719,13636,24678,0,2474,0,0,0,7271,8312,4312
220,836.616899,9.894741667,Positive,38238,80394,45654,53161,55395,55024,50265,122911,40445,16330,26747,33137,3165,5448,4162,2909,4403,15396,18076,10186
217,836.767885,16.76416667,Positive,44765,63101,46307,36670,135416,66051,179220,124564,156959,40236,24176,12281,18903,14478,12377,11067,10956,27397,24975,24314
605,837.693045,16.16491667,Positive,3328,7536,6038,5413,14195,9845,13386,13041,12607,2322,0,0,0,0,0,0,0,0,0,0
815,838.557021,8.497358333,Positive,7558,2481,0,2539,2977,2943,2374,3135,3345,3317,0,0,0,2225,0,2117,0,0,2066,2371
702,838.630744,10.68613333,Positive,8828,6180,5795,6808,10619,5505,4710,8807,4763,8806,2026,2321,0,3450,3022,0,0,2921,2839,2416
631,839.666493,14.49236667,Positive,2380,4358,3034,3686,3377,3971,3448,4847,2847,3825,4120,5354,0,0,0,0,0,3053,3249,2043
215,839.706886,16.55061667,Positive,4813,7241,6950,6000,10395,8680,9973,9710,8707,0,0,0,0,0,0,0,0,0,0,0
586,839.783796,16.92658333,Positive,2798,2959,2776,0,2266,3705,2536,3409,2777,0,2140,0,0,0,0,0,0,0,0,0
214,840.684634,14.496075,Positive,15217,29872,15793,25198,14405,15251,25116,30529,16469,16922,27091,43606,2272,2431,2872,0,2170,15382,22052,11424
583,841.721995,16.77758333,Positive,2706,3745,3552,2563,4143,4003,3627,4120,3758,0,0,0,0,0,0,0,0,0,0,0
1051,842.718539,14.75421667,Positive,0,0,0,0,0,0,3088,4596,2342,2981,0,0,0,0,0,0,0,0,0,0
212,842.722064,15.44778333,Positive,0,5109,2944,2902,20000,6669,20737,18264,18742,51126,6319,2880,3661,3872,2762,0,2046,17332,13389,7461
1066,843.720341,14.74595,Positive,0,0,0,0,0,0,2236,0,0,0,0,0,0,0,0,0,0,0,0,0
211,844.116524,16.40083333,Positive,0,0,0,0,3977,2382,4092,3549,3837,3992,0,0,0,0,0,0,0,2068,2365,0
989,844.523416,8.380933333,Positive,0,0,0,0,0,0,0,0,0,0,2540,2693,0,0,0,0,0,0,2029,0
210,844.735346,15.3359,Positive,2965,7480,4164,4854,13074,5821,22447,15127,17471,18769,4616,0,2454,0,0,0,0,7847,8230,5067
209,844.738436,15.95944167,Positive,18795,52034,33727,31849,186769,78157,203993,165216,185179,349133,61445,21189,38377,36211,25218,16687,16718,119824,117154,80231
208,846.125957,16.68466667,Positive,0,2039,0,0,3812,2471,3746,3343,3272,3618,0,0,0,0,0,0,0,2277,2553,2101
515,846.749826,15.8742,Positive,18763,38366,26849,28934,58709,36150,77567,58503,67338,72750,25078,9103,17190,11095,10908,6047,7641,33142,43406,31789
206,846.753488,16.39791667,Positive,156456,368357,270003,253991,847435,471427,864624,730519,801988,831048,313398,119010,206796,183517,150715,98291,104937,418281,487285,390491
205,847.602859,7.149441667,Positive,2115,0,0,0,0,0,0,2062,0,0,0,2028,0,0,0,0,0,0,0,0
204,847.678172,15.43305,Positive,0,3553,2440,2303,10046,5059,11356,9235,9994,19111,4597,2251,3242,3279,2453,0,0,10325,8378,5522
203,847.755348,15.84764167,Positive,0,0,0,0,0,0,0,0,0,23315,0,0,0,0,0,0,0,0,0,0
714,848.615171,10.07246667,Positive,0,2112,0,0,2470,0,3061,5967,0,2609,12362,20702,0,0,0,0,0,4162,3950,0
200,848.766783,17.9375,Positive,0,0,0,0,3061,0,3842,0,0,0,0,0,0,0,0,0,0,0,2605,0
622,848.767365,17.123,Positive,0,2179,0,0,24913,2668,5357,4591,5212,4201,2465,0,0,0,0,0,0,2368,3088,2278
201,848.769517,16.68483333,Positive,225235,438071,336093,277451,801978,502345,814257,718331,718000,744209,435630,174799,268474,247868,230914,151343,155416,451075,547835,457149
199,849.694381,15.95743333,Positive,10302,19755,16110,15159,33636,27524,34747,30364,32248,36227,22807,10107,17528,17878,13082,9885,9952,26194,28321,26320
770,849.770263,17.108,Positive,0,0,0,0,3438,0,0,9554,0,0,5457,0,0,0,0,0,0,0,0,7688
198,850.784455,16.8715,Positive,142031,205382,173913,129960,325182,226809,357632,313452,301599,357706,352712,162066,211354,190041,199967,136630,134489,299958,339856,297247
197,851.708536,16.39481667,Positive,18684,28527,26107,24646,41874,34646,40530,39569,38734,27589,20901,13243,17435,18923,16024,15427,14385,21568,25209,24161
195,852.559137,7.148983333,Positive,3527,2610,3146,3436,3508,2811,2984,3382,2267,3446,3248,3153,2754,3522,2780,3282,3082,3489,2735,3006
194,853.723388,16.68308333,Positive,10740,14538,13314,10892,16074,16583,15272,15734,15020,10037,13321,7254,9729,9775,8839,7089,7125,10450,12759,12924
788,854.567547,7.497016667,Positive,2466,2147,0,2237,2062,0,2135,3647,0,2855,0,0,0,0,0,0,0,0,0,0
192,855.738771,16.85816667,Positive,5469,6148,6261,4617,6225,7165,5987,6314,5919,3719,7165,4561,5355,5232,5259,4416,4232,4826,5671,5383
634,856.80806,16.64521667,Positive,0,0,0,2523,0,0,0,0,0,0,0,2426,0,0,2168,2720,2338,0,0,0
188,857.825365,16.643325,Positive,9276,0,9191,9649,3338,4576,3159,4690,5407,0,6397,11120,6982,7465,10037,10838,10809,5069,4292,5683
1024,858.749788,15.61929167,Positive,0,0,0,0,0,0,2249,0,0,5386,0,0,0,0,0,0,0,2746,2169,0
187,858.753407,16.23915,Positive,3087,6703,4819,4754,22207,8338,23738,21221,20955,58712,7552,4957,5104,5836,4196,2648,4047,26989,13588,8013
895,860.57228,9.365058333,Positive,0,0,0,0,0,0,0,0,0,0,0,0,5661,3688,5294,6529,3157,2357,0,2111
863,860.613061,9.541933333,Positive,0,0,0,0,0,0,0,2228,0,2103,2565,4535,2928,2485,2470,3180,2705,0,0,0
595,860.765102,16.17908333,Positive,3614,7309,4928,5291,14071,6478,18521,14501,16021,13385,3500,2245,2478,2470,2116,0,2110,7519,5566,4333
186,860.768951,16.57523333,Positive,24198,53887,37127,37778,156177,64052,163039,136209,141043,147678,33977,18961,22906,24233,18452,0,17037,77510,49218,35305
812,861.770706,16.81575,Positive,0,0,0,0,3333,0,3082,2943,2955,0,0,0,0,0,0,0,0,0,0,0
184,862.783417,16.78258333,Positive,58039,106235,74117,64621,259766,111599,306116,229246,268721,165225,59466,33516,39781,41348,33093,23276,30733,97895,75564,57266
593,862.816168,17.10033333,Positive,2648,0,0,2043,2652,0,3898,2972,0,4301,0,0,0,0,0,0,0,0,2043,0
183,863.688605,15.607225,Positive,0,3424,0,2481,2333,2852,2743,5766,0,2300,3161,6042,0,0,0,0,0,0,0,0
182,863.709083,16.22845,Positive,0,2057,0,0,4258,2626,4394,4364,4244,5466,2132,0,0,2220,0,0,0,4638,2804,2285
181,864.799222,16.9395,Positive,36300,42112,32284,25981,86524,42713,90845,80610,73488,59542,31246,18720,26335,18883,23661,11114,20654,43854,31544,23687
179,865.724003,16.57723333,Positive,3331,5807,5154,4685,9740,7243,10158,9339,8695,5381,3390,2098,2702,3280,2460,2095,2665,4497,3582,3252
177,867.680952,16.3925,Positive,0,0,0,0,2871,2699,2689,2828,2755,0,0,0,0,0,0,0,0,0,0,0
176,867.738619,16.79083333,Positive,4558,8201,6907,5622,11119,8625,9656,10495,10294,4007,3063,0,2438,2678,2122,0,2201,3639,3276,2946
1073,868.728803,14.90568333,Positive,0,0,0,0,0,0,0,0,2214,3928,0,0,0,0,0,0,0,2098,2371,0
175,868.737019,16.02653333,Positive,0,4058,0,2084,7349,2388,6036,6239,6718,24745,5259,2381,2349,2068,2007,0,0,7824,8993,3974
173,868.737382,15.538125,Positive,0,3257,0,2085,4709,0,20939,5568,6618,72834,9550,5008,5970,5973,4507,2849,3375,27727,17872,9571
172,869.753012,16.94883333,Positive,0,2100,2015,0,2886,2246,2552,2796,2657,0,0,0,0,0,0,0,0,0,0,0
171,870.050916,16.46128333,Positive,0,0,0,0,0,0,2109,0,2037,5455,0,0,0,0,0,0,0,3217,2495,2052
169,870.749689,15.443675,Positive,0,2766,0,0,5308,2292,8495,5757,7963,22249,6561,2557,3369,3323,2334,0,0,12392,9346,5723
170,870.753815,16.07095,Positive,8149,20116,12867,12908,73988,27860,81138,70900,74258,554577,84727,45069,64129,57791,45212,28303,34573,233785,153794,89505
168,872.059623,16.71116667,Positive,0,2017,0,0,4537,2384,3825,3511,3665,5720,2595,0,2081,2283,0,0,0,3890,3471,2862
167,872.769499,16.46410833,Positive,73778,157365,114002,119888,399896,204871,432431,383065,400788,1153178,381652,215832,279578,281937,241933,160857,192497,690893,564597,428830
166,873.694724,15.52895,Positive,0,0,0,0,4424,2184,3702,3477,4387,19860,5408,3129,4533,4525,3384,2299,2750,12371,9399,5759
165,874.069642,16.88483333,Positive,0,0,0,0,3480,2229,3510,3424,3197,4753,2624,0,0,2011,0,0,0,3314,3391,2715
697,874.772469,15.9663,Positive,0,3175,2045,2316,3842,2420,8073,4227,4872,9566,3909,0,3907,0,2254,0,0,7440,5992,4805
556,874.782043,17.10333333,Positive,4784,0,0,0,5317,2522,4942,4648,5198,47086,3792,0,3319,2913,2503,2181,2051,5725,5197,4224
161,874.782301,17.938,Positive,0,0,0,0,0,0,3193,0,0,3787,0,0,0,0,0,0,0,3120,2576,0
638,874.783744,17.30975,Positive,0,2136,0,0,18950,2218,18674,4941,5571,9499,3878,0,2092,2374,2161,0,0,9270,20028,4735
164,874.784873,16.71116667,Positive,227033,429364,331689,328851,832554,508184,848284,747638,782329,1246116,587065,419731,449328,457304,414816,306950,340443,857257,761425,642242
160,875.709619,16.05695,Positive,4428,8866,6803,6842,19787,12012,19091,18939,17577,36636,25149,15408,19789,22460,17688,14357,15485,30990,26576,23934
679,875.786578,17.123,Positive,0,0,0,0,0,0,0,0,0,0,0,0,0,0,0,5148,5682,0,0,0
581,876.785532,16.43078333,Positive,3633,6033,5351,5231,7290,5111,8402,7688,7853,10368,6466,4179,4998,4423,4676,3310,3994,8038,7986,7016
555,876.798544,17.4855,Positive,0,2310,0,0,7656,2379,8910,6772,6095,99121,4519,2133,4918,2306,2291,9906,2915,9234,8221,5947
159,876.79982,16.88483333,Positive,287911,448001,369269,337336,782232,474595,821348,738939,726260,1078004,581996,336704,436063,427929,408406,307814,328015,737533,750938,627020
158,877.723852,16.461,Positive,10381,15902,14129,13998,26630,20020,26627,26139,25281,31219,23448,17578,20472,22409,19494,19325,18650,29529,27658,24643
157,877.794935,16.6845,Positive,0,0,0,0,0,0,0,0,0,0,0,0,0,0,0,12251,0,0,0,0
495,878.812626,16.98533333,Positive,30800,73720,36307,81129,123601,50543,129713,125640,72339,256531,197294,83273,92981,107789,117611,59406,68495,212728,212754,167751
156,879.739009,16.7105,Positive,16693,19946,18436,20337,22977,22640,20815,22287,21019,16429,18820,15209,18003,18536,21188,15430,15838,18898,18540,18789
155,879.817633,17.01766667,Positive,0,0,36120,15108,88925,48724,0,0,0,0,0,0,0,0,0,0,0,0,0,0
810,880.719267,15.60823333,Positive,0,0,0,0,0,0,0,3548,0,0,0,3405,0,0,0,0,0,0,0,0
154,881.754485,16.87316667,Positive,13026,17964,14941,13067,21702,16365,15238,21417,15249,11449,14113,11273,16817,13813,12917,11639,11838,18626,14923,13903
153,883.768202,17.02083333,Positive,2130,3588,4820,0,5810,3673,4728,3830,3495,4226,9383,6547,4926,5018,5536,3835,4052,5810,6020,5677
152,884.767184,16.314525,Positive,0,3051,0,2488,3682,0,3952,4026,3711,37968,4742,3982,3195,4168,3243,0,2922,20486,7395,4341
616,884.774925,16.73725,Positive,0,0,0,0,0,0,0,0,2831,6139,2008,0,0,0,0,0,0,4509,0,0
149,886.781017,16.24035,Positive,0,0,0,0,2680,0,3715,2892,3315,11888,3299,2597,2422,2546,2272,0,2275,8195,4702,3464
148,886.784459,16.604375,Positive,5225,9877,7002,7560,30553,11158,32075,28718,26844,132411,19826,13755,13443,17229,12937,8024,11703,68765,32041,21892
147,887.564154,7.777166667,Positive,8377,7527,5769,6855,6244,5172,5705,10787,5004,10591,10298,9163,0,0,0,0,0,0,4634,0
603,888.788718,16.37823333,Positive,0,0,0,0,0,0,0,0,0,26241,0,0,0,0,0,0,0,15929,0,0
146,888.799831,16.80408333,Positive,20694,46505,33380,32210,131938,50413,133130,112330,114463,233410,61670,38164,36708,45781,35724,23970,33903,131584,77868,66988
144,890.815221,16.9515,Positive,36143,77074,47447,46622,155365,63977,165325,140376,125379,183259,52184,34392,32036,37938,31108,19787,28344,130096,66773,50048
143,891.739022,16.604275,Positive,0,0,0,0,2540,0,2539,2478,2136,6176,2200,0,0,2462,0,0,0,4892,2711,2381
673,892.73888,15.49324167,Positive,0,0,0,0,4624,0,3846,3552,4049,17105,2679,0,0,0,0,0,0,5873,5094,2842
142,892.82654,17.07,Positive,4908,9371,6062,4900,21007,8580,30724,20416,15137,38168,17204,10680,7193,10139,8734,4405,7032,47344,16647,12159
953,893.559531,10.10741667,Positive,0,2212,2446,2049,2280,2410,2028,0,2089,3039,2399,0,0,2816,2021,0,2231,3360,3303,3070
141,893.695533,16.45788333,Positive,0,0,0,0,0,0,0,0,0,2018,0,0,2277,0,0,0,0,2085,0,0
139,893.753824,16.80366667,Positive,2335,4704,3842,3419,7952,5200,7360,7465,7510,7908,3481,2761,2689,3479,2782,2220,2899,6289,4241,3696
1063,894.742296,15.0642,Positive,0,0,0,0,0,0,0,0,0,0,0,0,0,0,0,0,0,2758,3265,0
137,894.753082,15.6215,Positive,0,0,0,0,3507,0,3102,5678,3396,92961,9056,7682,5340,6896,7106,3469,5153,49202,21070,6814
138,894.753124,16.06675,Positive,3374,5625,3697,4598,17049,5233,13098,12198,14932,63972,16109,8360,7516,6112,4906,3085,2946,19934,24848,14107
1036,895.574707,11.07178333,Positive,2273,3452,3206,2339,3020,2012,2393,3088,2448,2280,3194,0,0,0,0,0,0,0,0,0
135,895.769912,16.9515,Positive,2857,4076,3367,3317,6897,4213,6558,6647,6183,4977,2790,2090,0,2372,2068,0,2060,4468,3198,2699
133,896.768865,16.13473333,Positive,2636,10676,7254,8200,39627,14586,17950,18799,34452,505601,61509,49885,42216,52982,45602,26280,38171,290124,118749,59068
132,897.993477,16.73766667,Positive,0,0,0,0,0,0,0,0,0,5481,0,0,0,0,0,0,0,3841,2433,2051
131,898.780841,16.10043333,Positive,3914,7033,4788,5790,11203,5953,22469,17989,14496,104102,32230,23454,29411,21496,23331,13846,20613,74081,48785,32827
130,898.78427,16.51153333,Positive,33275,49910,35988,42613,126940,54211,133283,124940,121083,1000655,223726,182253,166183,215831,190431,116054,164428,675839,364057,252870
128,900.003083,16.89716667,Positive,0,0,0,0,3125,0,2659,2529,2377,5034,0,0,0,0,0,0,0,3351,2522,2302
653,900.714519,15.63211667,Positive,0,0,0,0,0,0,0,0,0,12207,2866,2566,2315,2986,2671,0,2394,10507,4885,2562
717,900.716122,16.05243333,Positive,0,0,0,0,2426,0,0,0,2609,5626,0,0,0,0,0,0,0,2996,2812,0
710,900.785617,16.12329167,Positive,0,0,0,0,2244,0,2273,2231,2630,0,3365,3009,2873,0,3676,0,4010,0,4473,3153
885,900.7978,17.33316667,Positive,0,0,0,0,0,0,0,0,0,15357,2036,0,0,0,0,0,0,7471,4095,2543
126,900.800197,16.73733333,Positive,83311,129559,97864,116394,285585,145471,310487,293008,276596,1397626,358842,286356,284961,358843,322725,221128,281911,981247,528903,442476
125,901.725601,16.13813333,Positive,2944,3976,2969,3608,7833,4366,6771,6969,7249,33604,15950,14947,13465,18578,15813,12087,15417,32411,20230,17790
744,902.01013,17.02016667,Positive,0,0,0,0,0,0,0,0,0,2851,0,0,0,0,0,0,0,0,0,0
588,902.802373,16.47025,Positive,0,3101,2612,2640,4201,2668,4830,4289,4536,10756,5851,4754,4693,4729,5163,3707,4660,9008,6897,6373
496,902.809326,16.71033333,Positive,18186,27802,22983,25494,53207,30634,56473,53752,51747,185968,65296,53648,55246,65387,58331,43684,52665,135503,88916,77081
1042,902.812884,17.96033333,Positive,0,0,0,0,0,0,0,0,0,7344,0,0,0,0,0,0,0,0,0,0
705,902.813881,17.499,Positive,0,0,0,0,5070,0,5409,4689,3946,25906,2748,2379,3034,0,0,0,2318,7522,5097,3793
124,902.815268,16.89716667,Positive,185008,293917,242095,288770,570295,358932,587140,605363,510201,1102740,371956,273625,357452,363174,388801,238077,282831,739854,562393,481173
123,903.739123,16.51189167,Positive,4872,6168,5404,5858,10781,6927,11040,11009,9986,31581,16552,14628,14582,18809,16496,14610,16344,30362,20792,17715
122,904.590508,7.776866667,Positive,8188,7814,5867,6823,6325,5104,5963,10946,5013,10624,10476,9941,0,0,0,0,0,3226,4740,2462
121,904.828691,17.0165,Positive,40250,136069,96615,44413,191090,130535,316148,149642,125407,741823,243736,132946,132635,163020,172988,92598,120788,429739,352148,265034
120,905.754874,16.73825,Positive,7894,9905,8764,9894,17141,10720,13324,17350,13279,20828,15771,14537,14199,18418,20257,13902,15752,23258,17960,21409
497,906.843952,17.10266667,Positive,0,44496,28937,0,47659,19440,52109,79498,30585,0,53423,48242,0,0,33294,0,0,0,63858,48175
119,907.769565,16.8975,Positive,11101,12644,12423,16059,15100,13855,13536,15294,17215,17402,12360,11953,11839,14978,13516,11321,15946,17713,15362,14378
501,907.84976,17.13583333,Positive,0,11743,0,0,0,0,0,21228,0,0,0,0,0,0,0,0,0,0,0,0
117,908.747196,15.60676667,Positive,0,3067,0,2695,0,0,0,2856,0,0,3063,6343,0,0,0,0,0,0,0,0
115,909.546317,7.777225,Positive,0,0,0,0,0,0,0,0,0,0,0,0,0,2754,0,0,2019,3625,0,2915
114,909.784542,17.028,Positive,3019,8595,3979,0,9299,5232,9054,7123,10257,14783,10440,7820,8315,12282,9355,8927,7950,16744,12250,10710
580,912.797182,16.64751667,Positive,2194,0,0,0,3711,0,3054,3181,4415,16372,2726,2541,0,2419,0,0,2636,9292,3772,2497
707,912.804296,17.13183333,Positive,0,0,0,0,2152,0,0,2537,0,2952,0,0,0,0,0,0,0,3426,0,0
644,913.798542,16.61623333,Positive,0,0,0,0,0,0,3410,2353,3292,0,0,3645,0,0,0,0,2907,0,0,0
640,914.810007,16.6019,Positive,0,0,0,0,0,0,0,0,0,6442,2271,2103,0,0,2029,0,0,5129,2707,2529
506,914.814774,16.83083333,Positive,3578,4650,3566,4239,11221,4577,11315,11031,9123,70730,12721,10970,7476,11893,8795,5385,8034,38008,18014,14393
514,915.817679,16.818,Positive,3542,4367,2668,0,0,4702,9998,9627,0,0,0,0,0,0,0,0,0,0,0,0
113,916.830073,16.958,Positive,9711,18352,13225,17007,46158,18871,48727,42389,32987,126428,24821,18595,17025,20721,14879,8746,13090,65351,38861,29011
645,918.753863,15.65955833,Positive,0,0,0,0,0,0,0,0,0,20607,5037,3614,0,0,2150,0,0,13499,5553,4232
112,918.844486,17.07175,Positive,4986,11174,6893,6872,28985,10095,47041,27023,18913,97342,20594,14369,8648,19542,10885,8370,9137,48176,25947,19266
660,919.769086,16.82916667,Positive,0,0,0,0,0,0,0,0,0,3356,0,0,0,0,0,0,0,2294,0,0
508,920.769134,16.143775,Positive,3081,3772,2647,3556,12152,3793,9464,8811,10377,136895,23860,22705,14861,13818,11731,7907,8776,58852,41866,20485
613,920.769755,15.91593333,Positive,0,0,0,0,2340,0,0,2005,2146,32670,4014,3715,2526,2686,2351,0,0,14941,7289,3402
111,921.772767,16.10796667,Positive,2458,0,0,0,0,0,0,0,0,0,0,0,0,0,0,0,0,0,0,0
567,921.784779,16.96466667,Positive,0,0,0,0,2977,0,3110,2863,2282,4950,0,0,0,0,0,0,0,3735,2181,2149
110,921.862612,17.16958333,Positive,0,3133,0,2106,6243,0,8875,3589,3973,16417,3423,2788,0,2673,2215,0,0,8853,4936,3469
604,922.779815,15.62188333,Positive,0,4205,0,0,0,0,0,0,0,15119,5345,4740,3843,3033,6952,2379,4200,14643,8795,4506
664,923.775172,15.65638333,Positive,0,0,0,0,0,0,0,0,0,5659,2495,2174,0,0,0,0,2295,7137,3236,0
534,924.796216,16.13534167,Positive,3102,4098,3084,3636,3437,0,7622,7141,4191,30291,15925,15171,13150,10731,14327,8465,14670,30620,22492,13915
806,925.724806,15.95585,Positive,0,0,0,0,2285,0,0,0,2175,4914,2658,0,0,0,0,0,0,4418,3291,0
539,925.792272,16.126325,Positive,0,0,0,0,2607,0,3360,2664,3421,12149,6580,6105,5414,4561,7227,3704,6876,16310,10318,7557
606,926.728857,16.11635,Positive,0,0,0,0,2295,0,0,2002,0,7434,3312,3323,2502,3578,0,2159,0,4431,3319,0
525,926.810878,16.5293,Positive,5946,6853,5848,6476,10567,5181,9716,9471,9648,42168,18041,18216,14370,15191,17545,12916,16632,30720,21965,19314
106,926.815197,16.77808333,Positive,19374,18943,21406,27203,34620,16138,30394,38485,27497,133964,52648,32769,22428,28484,26098,16392,20573,79701,46829,36269
105,927.74199,16.52343333,Positive,2797,0,0,0,2152,0,0,0,0,6420,2867,0,0,0,2109,0,0,2966,2680,3091
921,928.742671,16.29238333,Positive,0,0,0,0,0,0,0,0,0,6665,0,2408,0,0,0,0,0,2353,2649,0
498,928.828509,16.91016667,Positive,17437,0,0,16801,0,0,0,0,0,144212,0,0,23773,36615,0,19548,35289,101919,0,0
796,929.732444,11.05785,Positive,0,0,0,0,0,0,0,0,0,0,0,0,2017,2375,2741,0,0,0,0,0
104,929.753732,16.60338333,Positive,0,0,0,0,3336,0,0,2869,2676,11383,0,0,0,0,0,0,0,7514,5725,5324
503,929.831848,16.89783333,Positive,0,0,8983,0,0,0,0,0,13722,0,30072,24470,0,0,19513,0,0,0,0,0
548,930.833426,16.72308333,Positive,0,0,0,0,8767,0,0,9497,0,3488,0,0,0,0,0,0,0,24148,11946,11328
103,930.845343,17.03025,Positive,14025,27568,19952,23805,66282,27286,80213,53075,41362,285152,67532,50000,36404,58158,43042,26748,36204,169337,94516,84330
102,931.768095,16.76758333,Positive,0,0,0,3279,0,0,0,0,0,0,0,0,0,0,0,0,0,0,0,0
654,932.619291,7.7772,Positive,3337,3036,0,2724,0,0,0,2110,0,2633,4101,2771,0,0,0,0,0,0,0,0
101,932.861874,17.13583333,Positive,12636,23636,11733,12240,62003,24413,88086,60769,39138,217069,50954,29824,19402,32233,26759,12272,17303,114753,75603,58235
100,933.783927,16.91833333,Positive,0,0,0,0,0,0,0,0,0,0,0,3080,0,2413,0,0,0,4068,2196,2099
99,935.79956,17.0315,Positive,0,0,0,0,0,0,0,0,0,7448,0,0,0,0,0,0,0,0,0,0
98,935.879788,17.22566667,Positive,2617,4501,2666,3076,3773,3784,10664,4387,2266,23294,6179,3692,2217,3985,3517,0,2076,14029,8935,6896
97,937.8169,17.1325,Positive,0,0,0,0,2845,0,5755,5009,3187,6813,2350,0,0,0,0,0,0,4584,3168,2500
94,942.694008,11.19041667,Positive,0,0,0,0,0,2444,0,0,0,0,0,0,0,0,2145,0,0,0,0,0
575,942.842338,16.96533333,Positive,0,0,0,0,0,0,0,0,0,10723,0,2090,0,0,0,0,0,5650,2568,2042
93,944.860474,17.085,Positive,0,3060,0,2097,6498,2538,9129,6285,4183,29983,5105,4393,0,3876,2666,0,0,14685,7387,5790
877,946.783776,15.94525,Positive,0,0,0,0,0,0,0,0,0,11431,0,2031,0,0,0,0,0,4991,2550,0
92,946.784292,16.19760833,Positive,2057,0,0,0,2945,0,0,2874,2259,126186,13837,19405,8978,10456,8873,5864,7379,57471,26520,11406
91,946.876511,17.17916667,Positive,0,4234,2405,2432,8228,3334,14321,9639,3651,32492,5723,4434,0,4337,2870,0,0,14900,8244,6494
89,948.796465,16.12814167,Positive,0,0,0,0,2457,0,2255,2122,2476,30634,8255,9924,5981,4722,5271,3352,4448,16809,12295,7235
629,948.888629,17.24316667,Positive,0,2377,0,0,2214,0,3971,2652,0,11319,0,0,0,0,0,0,0,6151,2738,0
521,950.810378,16.55181667,Positive,2438,3674,0,3261,8470,3174,5785,4715,8587,63393,13542,19734,9307,9960,9610,6338,7542,50151,20646,14316
562,951.743056,16.19586667,Positive,0,0,0,0,0,0,0,0,0,13618,4724,7151,3746,4341,4135,3269,3531,10007,6006,4315
543,951.816877,16.65458333,Positive,2242,0,0,0,0,0,0,0,3478,0,0,0,0,0,2305,0,2027,15315,0,0
88,952.827423,16.80375,Positive,7807,8000,6204,6176,7071,3320,4693,4676,4927,37874,8670,11461,9067,6983,7122,4132,4753,17891,13122,9667
597,953.7541,16.53766667,Positive,0,0,0,0,0,0,0,0,0,7586,3138,0,2323,2929,0,2173,3019,4906,4741,2988
855,953.824642,16.60408333,Positive,0,0,0,0,0,0,0,0,0,0,0,0,0,0,0,0,0,2907,0,0
680,954.757247,16.53591667,Positive,0,0,0,0,0,0,0,0,0,0,0,2739,0,0,2048,0,0,0,0,0
847,955.766593,16.63215833,Positive,0,0,0,0,0,0,0,0,0,6349,2313,0,0,0,0,0,0,0,0,0
86,956.859691,17.04691667,Positive,2772,3350,2296,2565,4781,2132,4321,3060,2165,27473,5909,0,2766,4880,3929,2123,2913,16734,8398,7035
84,958.876932,17.13158333,Positive,3756,6894,4449,5374,13363,5567,19808,13501,8966,85896,15820,14036,6154,11688,8498,4156,5969,43478,24662,19867
83,960.892328,17.226,Positive,3823,6693,4091,4916,12459,5691,20792,13876,7771,72035,13874,9194,4546,8513,7055,2874,4160,35922,23414,17534
563,962.904327,17.2585,Positive,2267,2069,0,0,5066,3038,0,4038,0,19751,4126,2816,0,2747,2380,0,0,10323,7060,5235
621,963.910813,17.32175,Positive,0,0,0,0,0,0,2898,0,0,7754,0,0,0,0,0,0,0,4267,2864,0
82,966.69362,10.91905,Positive,0,0,0,0,0,3921,0,2649,0,2468,0,0,0,2074,0,0,0,0,2468,2422
81,972.891321,17.18083333,Positive,0,0,0,0,3227,0,5390,3672,2168,13538,2054,0,0,0,0,0,0,6168,3555,2366
80,974.907152,17.26783333,Positive,0,0,0,0,3018,0,5491,3615,0,13135,2028,0,0,0,0,0,0,5744,3544,2668
757,976.826584,16.54626667,Positive,0,0,0,0,0,0,0,0,0,5776,2065,3621,0,0,0,0,0,4089,2729,2212
79,976.829459,16.76316667,Positive,0,0,0,2206,2106,0,0,0,0,8109,2471,4917,0,0,0,0,0,5361,3236,2242
78,978.843679,16.83116667,Positive,0,0,0,0,0,0,0,0,0,0,0,7458,0,0,0,0,0,0,0,0
76,982.689287,10.41361667,Positive,0,0,0,0,0,3961,0,2761,0,0,0,0,0,0,0,0,0,0,2564,0
75,984.891558,17.1395,Positive,0,0,0,0,0,0,2072,0,0,19961,3263,3690,0,2547,2392,0,0,10288,6153,4645
73,986.720679,11.61794167,Positive,2069,3296,2938,3703,3187,6876,0,5202,0,2907,0,0,0,2070,0,0,0,0,2319,2479
72,986.907369,17.22258333,Positive,0,2262,0,2005,4806,2190,7527,5211,3000,44200,6520,5507,2268,4376,3859,0,2145,20076,13027,9579
71,988.923035,17.31591667,Positive,0,2337,0,0,4134,2041,7048,4717,2583,30263,4177,3222,0,2752,2415,0,0,12712,8637,6197
950,994.724604,11.84141667,Positive,0,0,0,0,0,2180,0,0,0,0,0,0,0,0,0,0,0,0,0,0
874,1008.706548,10.526525,Positive,0,0,0,0,0,3940,0,2881,0,0,0,0,0,0,0,0,0,0,0,0
70,1010.72059,11.355175,Positive,0,4740,3618,4828,3041,10321,2092,7278,0,3402,3187,4929,0,2248,2129,0,0,4869,5497,4133
730,1026.990504,17.00666667,Positive,0,0,0,0,0,0,0,2611,3316,0,0,0,0,0,0,0,0,0,0,0
67,1079.772337,2.242625,Positive,0,8342,10283,0,10552,8361,0,10308,7632,10625,9082,8515,9615,10742,9030,10501,0,10954,9459,9617
865,1129.947964,8.2904,Positive,0,0,0,0,0,0,0,0,0,0,0,0,0,2049,0,2347,0,0,0,0
975,1152.899941,9.177666667,Positive,0,0,2228,0,0,0,0,0,0,0,2470,2240,3020,2841,3354,3284,2641,2284,2083,2127
64,1263.183736,17.39816667,Positive,2936,2405,2207,2820,2862,0,2362,2582,0,0,0,0,0,0,0,0,0,0,0,0
683,1295.586308,4.546725,Positive,0,0,0,0,0,0,0,0,0,2059,0,0,0,0,0,0,0,0,0,0
59,1476.285296,8.295308333,Positive,4908,2497,0,3994,3714,2406,3863,3756,2175,3857,3171,2835,5385,0,0,0,5126,0,3234,3863
57,1484.113801,7.523741667,Positive,3723,2326,3512,3726,3644,2424,3683,3821,0,3422,2827,3406,2766,3477,2671,3199,3254,3651,2659,3281
756,1494.147102,9.7209,Positive,6046,2510,2332,3284,3394,3299,3060,5861,3062,3215,0,0,0,0,0,0,0,0,0,0
56,1498.267155,8.284441667,Positive,0,0,3713,0,0,0,0,0,0,0,0,0,0,4865,4160,5319,0,4234,0,0
