FeatureID,mzmed,rtmed,L1,L2,L3,L4,L5,L6,L7,L8,L9,NL1,NL2,NL3,NL4,NL5,NL6,NL7,NL8,NL9,NL10,NL11,Blank_1,Blank_2,Blank_3,Blank_4,Blank__mean,mzClusterID,FeatureClusterID,L1_mean,L2_mean,L3_mean,L4_mean,L5_mean,L6_mean,L7_mean,L8_mean,L9_mean,NL1_mean,NL2_mean,NL3_mean,NL4_mean,NL5_mean,NL6_mean,NL7_mean,NL8_mean,NL9_mean,NL10_mean,NL11_mean,L1_mean_isotopes,L2_mean_isotopes,L3_mean_isotopes,L4_mean_isotopes,L5_mean_isotopes,L6_mean_isotopes,L7_mean_isotopes,L8_mean_isotopes,L9_mean_isotopes,NL1_mean_isotopes,NL2_mean_isotopes,NL3_mean_isotopes,NL4_mean_isotopes,NL5_mean_isotopes,NL6_mean_isotopes,NL7_mean_isotopes,NL8_mean_isotopes,NL9_mean_isotopes,NL10_mean_isotopes,NL11_mean_isotopes,Polarity
3,89.0247,1.95,0.0,2075.64531965,2132.1279446500002,2394.24803065,2329.15357765,3261.04053165,3249.60502365,5070.29822965,4179.86956465,2569.73220765,0.0,0.0,0.0,0.0,0.0,0.0,0.0,2700.50232365,3008.82554265,0.0,42.33165477,0.0,27.24970621,19.88229407,29.82121835,1.0,1,0,2076,2132,2394,2329,3261,3250,5070,4180,2570,0,0,0,0,0,0,0,2701,3009,0,,,,,,,,,,,,,,,,,,,,,Negative
4,122.0859,3.0,4552.052394,4546.280369,4767.906222,4492.540189,4881.706244,4238.160825,4406.587564,4169.564142,4020.959223,4899.337715,4935.272048,5222.132226,4913.010201,4543.58313,4958.048676,4258.435646,4748.334658,3819.914957,5026.874101,4519.319472,0.0,0.0,0.0,0.0,0.0,2.0,2,4552,4546,4768,4493,4882,4238,4407,4170,4021,4899,4935,5222,4913,4544,4958,4258,4748,3820,5027,4519,,,,,,,,,,,,,,,,,,,,,Negative
5,124.0074,3.85,0.0,0.0,0.0,0.0,0.0,0.0,0.0,3334.5418724973333,0.0,0.0,0.0,0.0,0.0,0.0,0.0,0.0,0.0,0.0,0.0,0.0,0.0,1.613157915,1.778763923,1.34258067,1.5781675026666668,3.0,3,0,0,0,0,0,0,0,3335,0,0,0,0,0,0,0,0,0,0,0,0,,,,,,,,,,,,,,,,,,,,,Negative
6,124.0076,3.45,3692.852899,5062.411626,5102.386261,5461.330497,5643.211037,5909.234331,7318.839034,9363.268897,6906.739755,5499.821668,5657.936365,3374.830544,0.0,2536.967433,2040.352315,2071.523688,2063.512471,6454.755291,6189.118021,5036.447402,0.0,0.0,0.0,0.0,0.0,3.0,4,3693,5062,5102,5461,5643,5909,7319,9363,6907,5500,5658,3375,0,2537,2040,2072,2064,6455,6189,5036,,,,,,,,,,,,,,,,,,,,,Negative
7,124.0079,3.133,5138.336676,6977.081864,6635.783011,6863.749306,8082.803749,7848.517297,10850.75039,12569.78416,9067.5545,6864.12833,8933.833762,4889.459107,2677.683776,3325.074734,2722.314894,2895.032423,2891.158952,8786.045628,8172.911319,6979.036065,0.0,0.0,0.0,0.0,0.0,3.0,5,5138,6977,6636,6864,8083,7849,10851,12570,9068,6864,8934,4889,2678,3325,2722,2895,2891,8786,8173,6979,,,,,,,,,,,,,,,,,,,,,Negative
8,133.0144,6.983,0.0,0.0,0.0,0.0,0.0,0.0,2069.9738318166665,2566.7693208166665,2219.691995816667,0.0,0.0,0.0,0.0,0.0,0.0,0.0,0.0,0.0,0.0,0.0,0.0,50.77032489,45.57245552,40.79272214,45.71183418333333,4.0,6,0,0,0,0,0,0,2070,2567,2220,0,0,0,0,0,0,0,0,0,0,0,,,,,,,,,,,,,,,,,,,,,Negative
9,133.0145,6.7,0.0,0.0,2406.099357973333,0.0,2300.251440973333,2784.6139799733332,3203.534127973333,3929.7868959733332,3096.362160973333,0.0,2376.481944973333,0.0,0.0,0.0,0.0,0.0,0.0,0.0,0.0,0.0,0.0,60.27156685,73.13318486,58.40140937,63.93538702666667,5.0,7,0,0,2406,0,2300,2785,3204,3930,3096,0,2376,0,0,0,0,0,0,0,0,0,,,,,,,,,,,,,,,,,,,,,Negative
11,141.0176,5.717,14903.99148979,14685.036949790001,14829.701329790001,14754.289829790001,16931.03677979,14572.412219790001,16122.05548979,15929.25765979,15220.830349790001,14880.708159790001,13697.535779790001,14424.34608979,14963.88009979,17161.59528979,15884.98750979,14441.67394979,16239.10177979,13648.638479790001,16484.63517979,15716.060709790001,76.50891669,111.8169966,86.37826524,80.81674231,88.88023021000001,6.0,8,14904,14685,14830,14754,16931,14572,16122,15929,15221,14881,13698,14424,14964,17162,15885,14442,16239,13649,16485,15716,,,,,,,,,,,,,,,,,,,,,Negative
14,151.0265,1.517,2949.3364272467497,2491.76724924675,2110.11256024675,2770.50733324675,3284.61780024675,3478.72453324675,4080.47171724675,5294.26069624675,4023.44011524675,2326.5880632467497,0.0,0.0,0.0,0.0,0.0,0.0,0.0,3029.94175524675,2621.5021312467497,0.0,7.972015805,6.103365474,5.376123895,5.921501839,6.343251753250001,7.0,9,2949,2492,2110,2771,3285,3479,4080,5294,4023,2327,0,0,0,0,0,0,0,3030,2622,0,,,,,,,,,,,,,,,,,,,,,Negative
15,156.991,5.367,0.0,0.0,0.0,0.0,0.0,0.0,2334.5477014675002,2978.2735384675,2174.1227244675,0.0,0.0,0.0,0.0,0.0,0.0,0.0,0.0,0.0,0.0,0.0,13.92550369,18.70694679,16.86271507,16.03949658,16.3836655325,8.0,10,0,0,0,0,0,0,2335,2978,2174,0,0,0,0,0,0,0,0,0,0,0,,,,,,,,,,,,,,,,,,,,,Negative
16,191.0202,7.8,4893.301329875,9405.407786875001,2701.591061875,6978.335239875,7909.2778608749995,5875.124261875,4785.2639098750005,7586.751600875,6949.743025875,7164.7844188750005,10325.737202875,0.0,2472.025577875,4240.3117518750005,2991.242404875,2043.5022978750003,2296.514148875,8859.121855875,7588.767552875,5842.268718875,329.5841647,519.2921431,647.5610906,462.6299901,489.76684712499997,9.0,11,4893,9405,2702,6978,7909,5875,4785,7587,6950,7165,10326,0,2472,4240,2991,2044,2297,8859,7589,5842,,,,,,,,,,,,,,,,,,,,,Negative
19,234.9237,17.9,0.0,0.0,0.0,0.0,0.0,0.0,0.0,0.0,6998.789799,0.0,0.0,0.0,0.0,0.0,0.0,0.0,0.0,0.0,0.0,0.0,0.0,0.0,0.0,0.0,0.0,11.0,13,0,0,0,0,0,0,0,0,6999,0,0,0,0,0,0,0,0,0,0,0,,,,,,,,,,,,,,,,,,,,,Negative
21,234.9239,10.65,5134.022566,3553.555396,0.0,3128.094316,4548.668521,2863.822112,3641.019658,2085.315286,2273.882284,4997.700896,2266.834754,0.0,0.0,2160.435969,0.0,5328.354117,7625.071192,3133.555134,3271.856349,4285.32593,0.0,0.0,0.0,0.0,0.0,12.0,14,5134,3554,0,3128,4549,2864,3641,2085,2274,4998,2267,0,0,2160,0,5328,7625,3134,3272,4285,,,,,,,,,,,,,,,,,,,,,Negative
22,234.9239,11.383,4026.3829576666667,0.0,0.0,0.0,0.0,0.0,5926.872891666667,0.0,0.0,3039.8899066666663,0.0,0.0,0.0,0.0,0.0,2984.6980306666665,0.0,0.0,5276.285760666667,0.0,1696.35216,2418.217274,2425.381757,0.0,2179.9837303333334,13.0,15,4026,0,0,0,0,0,5927,0,0,3040,0,0,0,0,0,2985,0,0,5276,0,,,,,,,,,,,,,,,,,,,,,Negative
23,234.924,11.9,2689.763429,0.0,4443.458924,5522.084322,4637.415204,3489.268311,0.0,0.0,0.0,3774.312073,4015.528548,2310.745145,2587.952466,6239.054601,4250.416972,0.0,2441.101019,2112.656005,3322.614257,2265.705142,0.0,0.0,0.0,0.0,0.0,14.0,16,2690,0,4443,5522,4637,3489,0,0,0,3774,4016,2311,2588,6239,4250,0,2441,2113,3323,2266,,,,,,,,,,,,,,,,,,,,,Negative
25,234.924,12.683,8412.44453,3979.173423,3415.756208,4317.817768,2926.399444,0.0,3146.736695,3257.610559,0.0,2423.840748,2502.742608,4208.667857,2561.77329,4784.397212,2683.588561,3121.54686,3314.997073,2950.940919,3081.75109,5616.314722,0.0,0.0,0.0,0.0,0.0,15.0,17,8412,3979,3416,4318,2926,0,3147,3258,0,2424,2503,4209,2562,4784,2684,3122,3315,2951,3082,5616,,,,,,,,,,,,,,,,,,,,,Negative
26,234.924,16.917,0.0,0.0,0.0,0.0,3506.7897350000003,0.0,2209.2138429999995,0.0,4595.846394,0.0,0.0,0.0,0.0,0.0,6968.951709,0.0,0.0,0.0,0.0,0.0,1508.863751,1491.17038,2316.475473,0.0,1772.1698680000002,16.0,18,0,0,0,0,3507,0,2209,0,4596,0,0,0,0,0,6969,0,0,0,0,0,,,,,,,,,,,,,,,,,,,,,Negative
27,234.9241,12.983,0.0,3836.1431599999996,0.0,4485.441629,0.0,2420.7413560000005,2820.9887,0.0,0.0,4759.12125,0.0,0.0,0.0,0.0,0.0,0.0,2818.613701,0.0,0.0,0.0,1573.2431,3422.979328,1838.680367,2369.589113,2301.122977,17.0,19,0,3836,0,4485,0,2421,2821,0,0,4759,0,0,0,0,0,0,2819,0,0,0,,,,,,,,,,,,,,,,,,,,,Negative
28,234.9241,13.333,0.0,0.0,5692.84792225,0.0,2457.60667725,9140.53856525,0.0,0.0,0.0,0.0,0.0,0.0,0.0,0.0,0.0,0.0,0.0,0.0,0.0,0.0,3445.888513,4246.462411,4854.613417,2451.927518,3749.72296475,18.0,20,0,0,5693,0,2458,9141,0,0,0,0,0,0,0,0,0,0,0,0,0,0,,,,,,,,,,,,,,,,,,,,,Negative
29,234.9241,13.817,0.0,2008.28615675,0.0,0.0,0.0,3451.1214347499995,0.0,0.0,9278.62777475,0.0,0.0,0.0,0.0,0.0,0.0,0.0,0.0,0.0,0.0,0.0,2790.445103,4091.8957,3322.415781,2429.255837,3158.5031052500003,19.0,21,0,2008,0,0,0,3451,0,0,9279,0,0,0,0,0,0,0,0,0,0,0,,,,,,,,,,,,,,,,,,,,,Negative
30,234.9241,14.2,4325.61593675,0.0,5996.57026975,0.0,0.0,0.0,0.0,0.0,0.0,0.0,0.0,0.0,0.0,0.0,0.0,0.0,0.0,0.0,0.0,6365.702116749999,2392.875582,3324.223333,2199.183631,4488.054891,3101.08435925,20.0,22,4326,0,5997,0,0,0,0,0,0,0,0,0,0,0,0,0,0,0,0,6366,,,,,,,,,,,,,,,,,,,,,Negative
32,234.9241,15.017,0.0,0.0,0.0,0.0,0.0,0.0,4113.56704775,0.0,0.0,0.0,0.0,0.0,0.0,0.0,10574.89715475,0.0,0.0,0.0,0.0,0.0,3183.440179,3846.572671,4084.762802,1884.410529,3249.7965452500002,21.0,23,0,0,0,0,0,0,4114,0,0,0,0,0,0,0,10575,0,0,0,0,0,,,,,,,,,,,,,,,,,,,,,Negative
33,234.9241,15.433,2210.96925,10909.28602,4126.620729,4050.27044,0.0,2854.582432,2049.754918,2419.311027,3041.872965,4157.348358,6302.732676,0.0,2746.223456,3759.005865,4149.242287,10282.67072,2676.347044,4026.464243,0.0,3252.695294,0.0,0.0,0.0,0.0,0.0,22.0,24,2211,10909,4127,4050,0,2855,2050,2419,3042,4157,6303,0,2746,3759,4149,10283,2676,4026,0,3253,,,,,,,,,,,,,,,,,,,,,Negative
34,234.9241,15.967,3564.021412,0.0,4172.1678679999995,3432.177498,0.0,0.0,3265.7358169999998,9972.543382,0.0,2349.022084,0.0,0.0,0.0,0.0,0.0,0.0,0.0,0.0,0.0,6949.631198,1388.658633,2769.874549,0.0,2671.287392,2276.606858,23.0,25,3564,0,4172,3432,0,0,3266,9973,0,2349,0,0,0,0,0,0,0,0,0,6950,,,,,,,,,,,,,,,,,,,,,Negative
36,266.0902,0.767,3988.815413,3019.954665,2190.874482,2621.546184,3366.41868,2464.497838,0.0,0.0,2153.841093,2413.979661,2063.858649,2064.255469,3495.820043,2101.707691,3143.415865,3936.914163,2442.231506,3411.908719,2329.568945,4595.746538,0.0,0.0,0.0,0.0,0.0,25.0,27,3989,3020,2191,2622,3366,2464,0,0,2154,2414,2064,2064,3496,2102,3143,3937,2442,3412,2330,4596,,,,,,,,,,,,,,,,,,,,,Negative
37,267.0745,1.583,21725.205337343003,33694.188957342994,35889.859037343,32530.911137343002,39266.487187342995,40443.898477343,58190.389317343,57037.365457342996,43789.703407343,41253.182547343,52499.093997343,20206.318907343,24284.846177343003,35231.370657342995,23521.938607343,18800.728947343003,29022.933757343002,59143.055337342994,63717.308877343,51122.476407343,0.0,3.634561679,1.774128009,3.112938283,2.8405426570000003,26.0,28,21725,33694,35890,32531,39266,40444,58190,57037,43790,41253,52499,20206,24285,35231,23522,18801,29023,59143,63717,51122,,,,,,,,,,,,,,,,,,,,,Negative
40,283.1138,5.133,0.0,0.0,2716.797387217333,0.0,0.0,0.0,2539.134143217333,2918.288831217333,0.0,0.0,0.0,0.0,0.0,0.0,0.0,0.0,0.0,0.0,0.0,0.0,2.778854565,1.813685231,0.0,2.178339552,2.256959782666667,29.0,31,0,0,2717,0,0,0,2539,2918,0,0,0,0,0,0,0,0,0,0,0,0,,,,,,,,,,,,,,,,,,,,,Negative
47,311.169,0.667,0.0,0.0,0.0,0.0,0.0,0.0,0.0,0.0,0.0,0.0,0.0,0.0,2375.502331265,0.0,0.0,0.0,0.0,0.0,0.0,0.0,51.27166957,50.66403774,91.79973284,66.56413879,65.074894735,33.0,35,0,0,0,0,0,0,0,0,0,0,0,0,2376,0,0,0,0,0,0,0,,,,,,,,,,,,,,,,,,,,,Negative
48,313.1131,5.583,0.0,0.0,0.0,0.0,0.0,0.0,0.0,0.0,0.0,0.0,2262.11119516575,0.0,0.0,0.0,0.0,0.0,0.0,0.0,0.0,0.0,8.259028395,6.605233676,6.370987571,4.864205695,6.52486383425,34.0,36,0,0,0,0,0,0,0,0,0,0,2262,0,0,0,0,0,0,0,0,0,,,,,,,,,,,,,,,,,,,,,Negative
49,322.0555,1.583,2115.1969495666667,2137.0626335666666,2819.287000566667,0.0,2044.4987625666665,3102.590606566667,2713.632085566667,2443.962063566667,2500.8122535666666,2337.003672566667,2379.0392605666666,2204.496405566667,2932.656827566667,4260.152930566666,3381.127916566667,2235.4691365666667,3558.0363245666667,0.0,2816.224703566667,2050.1574205666666,370.1309453,0.0,355.7552411,201.5668599,309.1510154333334,35.0,37,2115,2137,2819,0,2044,3103,2714,2444,2501,2337,2379,2204,2933,4260,3381,2235,3558,0,2816,2050,,,,,,,,,,,,,,,,,,,,,Negative
50,325.1845,0.667,0.0,0.0,0.0,0.0,0.0,0.0,0.0,0.0,0.0,0.0,0.0,0.0,2074.030008735,0.0,0.0,0.0,0.0,0.0,0.0,0.0,43.28793905,41.75942036,80.55125412,54.02683953,54.906363264999996,36.0,38,0,0,0,0,0,0,0,0,0,0,0,0,2074,0,0,0,0,0,0,0,,,,,,,,,,,,,,,,,,,,,Negative
52,350.9205,13.3,2505.62179,0.0,2436.190441,0.0,0.0,0.0,0.0,0.0,0.0,0.0,0.0,0.0,0.0,2265.53669,2822.108483,0.0,0.0,0.0,0.0,2089.498398,0.0,0.0,0.0,0.0,0.0,38.0,40,2506,0,2436,0,0,0,0,0,0,0,0,0,0,2266,2822,0,0,0,0,2089,,,,,,,,,,,,,,,,,,,,,Negative
53,350.9205,14.683,0.0,0.0,0.0,0.0,2724.97556,0.0,0.0,0.0,0.0,0.0,0.0,0.0,0.0,0.0,0.0,5602.865889,3504.807866,0.0,0.0,2187.194023,0.0,0.0,0.0,0.0,0.0,39.0,41,0,0,0,0,2725,0,0,0,0,0,0,0,0,0,0,5603,3505,0,0,2187,,,,,,,,,,,,,,,,,,,,,Negative
54,350.9206,9.817,0.0,7814.287436,0.0,11570.64274,6920.768074,5290.0009,4677.030343,5255.522504,5458.847781,2984.057258,0.0,0.0,3020.815643,6373.976348,0.0,3251.348861,3366.039499,6796.431529,3578.842143,5946.204281,0.0,0.0,0.0,0.0,0.0,40.0,42,0,7814,0,11571,6921,5290,4677,5256,5459,2984,0,0,3021,6374,0,3251,3366,6796,3579,5946,,,,,,,,,,,,,,,,,,,,,Negative
58,350.9206,11.85,0.0,0.0,0.0,0.0,2140.7917805666666,0.0,0.0,0.0,2384.364200566666,0.0,0.0,0.0,0.0,0.0,0.0,0.0,4864.2987625666665,0.0,0.0,0.0,900.3587363,1795.71924,0.0,1955.60591,1550.5612954333335,41.0,43,0,0,0,0,2141,0,0,0,2384,0,0,0,0,0,0,0,4864,0,0,0,,,,,,,,,,,,,,,,,,,,,Negative
59,350.9206,12.683,0.0,0.0,0.0,0.0,0.0,0.0,0.0,0.0,0.0,0.0,0.0,0.0,2126.6341715,0.0,0.0,0.0,0.0,0.0,0.0,3442.0948275,1066.793514,1149.932418,1813.418829,1890.664689,1480.2023625000002,42.0,44,0,0,0,0,0,0,0,0,0,0,0,0,2127,0,0,0,0,0,0,3442,,,,,,,,,,,,,,,,,,,,,Negative
60,350.9206,13.767,2930.05185085,0.0,0.0,0.0,5207.3317858499995,0.0,0.0,2872.1673448499996,3784.63448385,0.0,0.0,0.0,0.0,0.0,0.0,0.0,0.0,2400.23538585,0.0,3670.69686885,749.6843998,797.7151318,1712.806852,1174.219833,1108.60655415,43.0,45,2930,0,0,0,5207,0,0,2872,3785,0,0,0,0,0,0,0,0,2400,0,3671,,,,,,,,,,,,,,,,,,,,,Negative
61,350.9207,9.35,0.0,0.0,4036.5404529999996,0.0,0.0,0.0,0.0,0.0,0.0,0.0,0.0,0.0,5427.055392,0.0,0.0,10280.189064,0.0,0.0,0.0,2205.813445,1428.644522,2579.540045,3245.439094,3536.866003,2697.622416,44.0,46,0,0,4037,0,0,0,0,0,0,0,0,0,5427,0,0,10280,0,0,0,2206,,,,,,,,,,,,,,,,,,,,,Negative
62,350.9207,10.817,4198.393753,2307.672189,2091.319538,2188.404087,2236.531069,0.0,2841.349686,0.0,3534.525569,2843.463884,0.0,3147.270339,4571.623513,2575.953833,0.0,3533.88969,0.0,2755.491249,0.0,3177.963114,0.0,0.0,0.0,0.0,0.0,45.0,47,4198,2308,2091,2188,2237,0,2841,0,3535,2843,0,3147,4572,2576,0,3534,0,2755,0,3178,,,,,,,,,,,,,,,,,,,,,Negative
64,350.9208,8.883,0.0,7513.728466,3625.757439,2182.136532,3875.743917,0.0,4764.268422,6275.583549,2222.033924,2953.17821,0.0,2974.380796,3386.178129,3914.61084,3026.885019,10496.23573,5015.076249,2954.424673,2866.581846,5974.112409,0.0,0.0,0.0,0.0,0.0,46.0,48,0,7514,3626,2182,3876,0,4764,6276,2222,2953,0,2974,3386,3915,3027,10496,5015,2954,2867,5974,,,,,,,,,,,,,,,,,,,,,Negative
65,352.9449,5.367,0.0,0.0,0.0,0.0,0.0,0.0,0.0,2671.5578565006667,0.0,0.0,0.0,0.0,0.0,0.0,0.0,0.0,0.0,0.0,0.0,0.0,1.428683085,0.918346739,2.180808674,0.0,1.5092794993333332,47.0,49,0,0,0,0,0,0,0,2672,0,0,0,0,0,0,0,0,0,0,0,0,,,,,,,,,,,,,,,,,,,,,Negative
66,366.0451,7.45,2795.50168375,7022.64819575,7584.581969749999,3650.31768675,6371.27820375,4511.396209750001,10306.52019175,11109.530161749999,9389.06947175,2697.26987675,8847.76839075,5138.11709175,2435.19724875,3374.32775575,5163.817575749999,4375.512956750001,2883.47495775,7776.50050475,3393.8407707500005,3165.5654097499996,635.950215,1131.679429,1028.592601,1017.586348,953.4521482499999,48.0,50,2796,7023,7585,3650,6371,4511,10307,11110,9389,2697,8848,5138,2435,3374,5164,4376,2883,7777,3394,3166,,,,,,,,,,,,,,,,,,,,,Negative
67,374.2457,0.683,3571.897124,2718.948536,3096.743205,2941.605339,3680.544925,3337.238261,3483.88359,3501.931033,2959.157372,2863.705461,2944.771055,2705.527437,2343.389779,2448.35938,2528.98564,2478.128375,2248.278446,3051.442898,3498.462391,3294.313317,0.0,0.0,0.0,0.0,0.0,49.0,51,3572,2719,3097,2942,3681,3337,3484,3502,2959,2864,2945,2706,2343,2448,2529,2478,2248,3051,3498,3294,,,,,,,,,,,,,,,,,,,,,Negative
69,389.2693,0.783,0.0,0.0,2284.157287,0.0,2244.711939,2246.278937,2303.205791,2257.390936,0.0,0.0,2316.516353,2473.877716,0.0,2506.741977,0.0,0.0,2275.793378,0.0,0.0,0.0,0.0,0.0,0.0,0.0,0.0,51.0,53,0,0,2284,0,2245,2246,2303,2257,0,0,2317,2474,0,2507,0,0,2276,0,0,0,,,,,,,,,,,,,,,,,,,,,Negative
71,390.0561,1.05,0.0,2036.2298511099998,2190.5915941099997,2128.17813011,2179.79482911,2038.8401491099999,2028.26519311,2111.81086811,0.0,0.0,2234.1639201099997,2479.87565911,0.0,2176.1406211099998,2134.24111511,0.0,2187.9233581099998,0.0,2182.9472791099997,0.0,21.01051135,39.75251283,40.76828689,39.49273649,35.256011889999996,52.0,54,0,2036,2191,2128,2180,2039,2028,2112,0,0,2234,2480,0,2176,2134,0,2188,0,2183,0,,,,,,,,,,,,,,,,,,,,,Negative
72,390.0565,0.783,3556.8541899475,3200.3368709475,4456.8999139475,3331.9438349475,4332.0197699475,4140.8829659474995,4395.1295559475,4054.7768379474996,3735.3435479474997,3508.0252779475,4254.5267059475,4176.161853947499,3184.7748659474996,4477.6294769475,3498.3739499475,3714.7716709475,4265.8943899475,2771.6511519475,3552.2375049475,3785.7323829475,20.44971943,34.79678364,32.95401357,33.13079557,30.3328280525,53.0,55,3557,3200,4457,3332,4332,4141,4395,4055,3735,3508,4255,4176,3185,4478,3498,3715,4266,2772,3552,3786,,,,,,,,,,,,,,,,,,,,,Negative
73,391.2852,2.983,3208.629186,0.0,2093.619691,2182.039148,3332.267514,0.0,0.0,0.0,2534.868159,0.0,2524.546648,2203.760051,0.0,0.0,2351.561681,3753.284964,0.0,0.0,2571.745387,3584.613742,0.0,0.0,0.0,0.0,0.0,54.0,56,3209,0,2094,2182,3332,0,0,0,2535,0,2525,2204,0,0,2352,3753,0,0,2572,3585,,,,,,,,,,,,,,,,,,,,,Negative
74,391.2854,3.233,3243.079413,9262.383825,0.0,0.0,3398.933255,0.0,0.0,0.0,2538.866443,0.0,2198.521138,8135.670617,0.0,2242.920727,2438.760491,3610.882345,0.0,0.0,2702.033969,4002.154322,0.0,0.0,0.0,0.0,0.0,55.0,57,3243,9262,0,0,3399,0,0,0,2539,0,2199,8136,0,2243,2439,3611,0,0,2702,4002,,,,,,,,,,,,,,,,,,,,,Negative
75,391.2858,0.783,825976.2085168967,699502.5339168967,946152.7645168967,670161.5682168967,904221.8761168966,822039.5527168966,975472.2267168966,910925.0517168967,790612.5957168967,718480.2765168967,968962.6101168967,857672.2828168967,711990.8456168966,1026143.3362168967,785563.2595168967,758785.8784168967,945097.5577168966,635365.7433168967,732271.0766168967,855365.4260168967,0.0,82.02748887,39.99364285,59.37321759,60.46478310333333,56.0,58,825976,699503,946153,670162,904222,822040,975472,910925,790613,718480,968963,857672,711991,1026143,785563,758786,945098,635366,732271,855365,,,,,,,,,,,,,,,,,,,,,Negative
76,391.2859,1.733,22415.39034,20280.68027,20088.27821,19506.8671,23940.03471,16542.19063,16336.81273,15797.49397,17229.94662,18582.41549,18362.21246,19759.9417,0.0,0.0,0.0,26375.22654,0.0,11767.44425,19255.84849,19683.75113,0.0,0.0,0.0,0.0,0.0,57.0,59,22415,20281,20088,19507,23940,16542,16337,15797,17230,18582,18362,19760,0,0,0,26375,0,11767,19256,19684,,,,,,,,,,,,,,,,,,,,,Negative
77,391.2861,1.05,444410.4971,447719.5097,493966.1216,491691.8588,520200.8653,467208.0419,461388.5108,475122.9014,446530.7158,443136.2751,501854.1574,556891.4766,422159.4286,495868.8851,476120.2417,438669.8643,504858.8906,388564.9122,485755.5826,446009.2428,0.0,0.0,0.0,0.0,0.0,58.0,60,444410,447720,493966,491692,520201,467208,461389,475123,446531,443136,501854,556891,422159,495869,476120,438670,504859,388565,485756,446009,,,,,,,,,,,,,,,,,,,,,Negative
78,391.2861,1.433,72770.79192079666,73262.76716079666,79425.67019079666,71836.35373079666,80477.56277079666,63566.83863079667,60410.61404079667,64046.35340079667,59095.74416079667,67675.29042079666,70993.04552079666,76440.42331079666,64608.44101079667,63893.90531079667,78432.11711079667,77799.10893079666,79609.56875079666,48164.16925079667,73555.96408079666,66409.02747079666,0.0,15.1169713,13.61781145,22.22675486,16.987179203333334,59.0,61,72771,73263,79426,71836,80478,63567,60411,64046,59096,67675,70993,76440,64608,63894,78432,77799,79610,48164,73556,66409,,,,,,,,,,,,,,,,,,,,,Negative
79,407.2799,0.817,7948.142589764,8986.119232763998,8242.387574764,10541.518330764,11747.608010764,7238.499891764,10041.256290763999,9009.388717763999,7763.976387764,9471.363519764,7618.703869764,7730.135414764,7800.117040764,9369.390326764,9610.195377764,8725.877038764,8559.314826763999,6725.480559764,8954.669481764,7928.421960764,0.253879297,0.0,0.220479175,0.0,0.23717923600000002,60.0,62,7948,8986,8242,10542,11748,7238,10041,9009,7764,9471,7619,7730,7800,9369,9610,8726,8559,6725,8955,7928,,,,,,,,,,,,,,,,,,,,,Negative
80,407.281,1.433,22412.30852,23367.75832,29231.47453,29315.81215,26676.15228,22322.0577,20378.59531,22581.87079,20254.72593,18946.02764,31857.54368,34013.42559,18601.80148,0.0,23568.84075,21535.56178,23610.73503,15620.98937,20986.30758,21015.09166,0.0,0.0,0.0,0.0,0.0,61.0,63,22412,23368,29231,29316,26676,22322,20379,22582,20255,18946,31858,34013,18602,0,23569,21536,23611,15621,20986,21015,,,,,,,,,,,,,,,,,,,,,Negative
82,411.0933,3.5,2962.4507695205,3434.7056135205003,4004.7838765205,2947.7579865205003,3156.3181445205,4711.6731475205,3755.7510835205003,4030.7273475205,3835.9979095205,2809.6751115205,4231.8536025205,4002.3970845205,2860.2800095205002,3851.4359105205003,3251.9045905205003,3375.7895405205,3552.8163975205002,3128.2943855205003,3163.9434845205,2579.4384625205003,1.541026076,3.693313335,1.914994389,2.627928118,2.4443154795,62.0,64,2962,3435,4005,2948,3156,4712,3756,4031,3836,2810,4232,4002,2860,3851,3252,3376,3553,3128,3164,2579,,,,,,,,,,,,,,,,,,,,,Negative
83,411.0935,3.2,3542.527071,4664.190604,4650.083788,4763.965544,5010.228195,4954.754548,5456.197003,6204.872498,4633.690049,4296.194917,6516.292418,4267.164271,2785.694116,3449.879573,3085.343495,3135.790125,3402.062368,4757.506676,4473.35956,4653.332521,0.0,0.0,0.0,0.0,0.0,63.0,65,3543,4664,4650,4764,5010,4955,5456,6205,4634,4296,6516,4267,2786,3450,3085,3136,3402,4758,4473,4653,,,,,,,,,,,,,,,,,,,,,Negative
84,417.1481,5.15,0.0,0.0,2479.4675383675,0.0,3315.6696373675,2812.8488863674997,2891.6348653675,3165.4457093675,2815.2647473674997,0.0,2776.0520513674996,0.0,0.0,0.0,0.0,0.0,0.0,2389.4427193674996,2320.2473173675,0.0,0.744544293,1.16726522,0.793162313,0.523406704,0.8070946325,64.0,66,0,0,2479,0,3316,2813,2892,3165,2815,0,2776,0,0,0,0,0,0,2389,2320,0,,,,,,,,,,,,,,,,,,,,,Negative
87,428.2649,1.05,2722.27762,2730.58035,3404.615156,2937.265562,0.0,0.0,0.0,0.0,0.0,0.0,2048.079848,2150.928799,0.0,0.0,0.0,0.0,0.0,2307.154382,3134.123534,0.0,0.0,0.0,0.0,0.0,0.0,67.0,69,2722,2731,3405,2937,0,0,0,0,0,0,2048,2151,0,0,0,0,0,2307,3134,0,,,,,,,,,,,,,,,,,,,,,Negative
88,429.2595,1.05,3801.961276,3763.13739,4690.578862,2386.557828,0.0,2383.044689,0.0,2186.517188,0.0,2005.98208,2818.071732,3024.907325,2167.675765,2425.366387,2447.574954,2810.478199,2590.254094,3162.443576,4317.894736,2370.701946,0.0,0.0,0.0,0.0,0.0,68.0,70,3802,3763,4691,2387,0,2383,0,2187,0,2006,2818,3025,2168,2425,2448,2810,2590,3162,4318,2371,,,,,,,,,,,,,,,,,,,,,Negative
90,443.2575,1.567,0.0,0.0,0.0,0.0,0.0,0.0,0.0,0.0,0.0,0.0,0.0,0.0,0.0,22879.9106,0.0,0.0,0.0,0.0,0.0,0.0,0.0,0.0,0.0,0.0,0.0,69.0,71,0,0,0,0,0,0,0,0,0,0,0,0,0,22880,0,0,0,0,0,0,,,,,,,,,,,,,,,,,,,,,Negative
94,454.2804,0.85,3689.965631,4572.177326,5272.095623,3520.832164,4399.768471,4845.570806,3911.283541,4243.019728,4440.069774,4667.396428,4947.260033,3993.94592,3878.792358,4566.235524,3139.672773,3531.674507,4187.278911,2488.984253,3497.344158,4261.363354,0.0,0.0,0.0,0.0,0.0,72.0,74,3690,4572,5272,3521,4400,4846,3911,4243,4440,4667,4947,3994,3879,4566,3140,3532,4187,2489,3497,4261,,,,,,,,,,,,,,,,,,,,,Negative
103,487.2726,0.817,0.0,0.0,2488.849713,0.0,0.0,2496.880325,2293.887678,2554.973362,2445.455243,0.0,2544.498019,2485.697509,0.0,2349.333066,2106.5495,0.0,2591.054636,0.0,2136.875348,0.0,0.0,0.0,0.0,0.0,0.0,74.0,76,0,0,2489,0,0,2497,2294,2555,2445,0,2544,2486,0,2349,2107,0,2591,0,2137,0,,,,,,,,,,,,,,,,,,,,,Negative
104,487.2726,1.05,0.0,2139.615629,2693.418423,2061.663937,0.0,2549.54301,2034.687927,2175.53086,2055.150304,0.0,2600.706217,2416.260225,0.0,2057.352756,2194.647554,0.0,2368.980978,0.0,2376.339299,0.0,0.0,0.0,0.0,0.0,0.0,75.0,77,0,2140,2693,2062,0,2550,2035,2176,2055,0,2601,2416,0,2057,2195,0,2369,0,2376,0,,,,,,,,,,,,,,,,,,,,,Negative
107,493.3537,0.7,0.0,2285.571313,4036.476633,0.0,0.0,2095.742316,3104.833751,0.0,3299.420862,2599.108097,3224.748952,3215.959383,0.0,2681.250989,2844.052367,3140.746887,2597.088003,2083.516294,4692.105194,2742.629835,0.0,0.0,0.0,0.0,0.0,76.0,78,0,2286,4036,0,0,2096,3105,0,3299,2599,3225,3216,0,2681,2844,3141,2597,2084,4692,2743,,,,,,,,,,,,,,,,,,,,,Negative
109,499.0515,3.133,0.0,0.0,0.0,0.0,0.0,0.0,2122.0877687333336,2698.9138097333334,0.0,0.0,0.0,0.0,0.0,0.0,0.0,0.0,0.0,0.0,0.0,0.0,0.0,2.882892576,4.490212334,5.07027789,4.147794266666667,77.0,79,0,0,0,0,0,0,2122,2699,0,0,0,0,0,0,0,0,0,0,0,0,,,,,,,,,,,,,,,,,,,,,Negative
110,524.2817,0.783,0.0,0.0,0.0,0.0,0.0,0.0,0.0,2415.056203,0.0,0.0,0.0,0.0,0.0,0.0,0.0,0.0,0.0,0.0,0.0,0.0,0.0,0.0,0.0,0.0,0.0,78.0,80,0,0,0,0,0,0,0,2415,0,0,0,0,0,0,0,0,0,0,0,0,,,,,,,,,,,,,,,,,,,,,Negative
116,635.356,1.117,7172.419035,4592.084416,5205.562286,5699.318542,7134.9623,5620.630782,9573.000216,10322.99233,9137.136842,6889.686215,5153.312963,0.0,6152.606219,8637.609737,7165.499116,5985.87239,7780.86687,8903.134062,9942.741104,9118.52065,0.0,0.0,0.0,0.0,0.0,81.0,83,7172,4592,5206,5699,7135,5621,9573,10323,9137,6890,5153,0,6153,8638,7165,5986,7781,8903,9943,9119,,,,,,,,,,,,,,,,,,,,,Negative
118,658.3839,0.783,9699.039931,9390.252246,10828.58556,9294.086956,9906.168897,10536.08801,10579.52276,10563.28849,9488.542119,10144.65764,11791.66231,10834.07023,10173.78957,10498.60641,9774.991013,10048.16816,11276.69193,9124.145363,9971.56531,9016.722564,0.0,0.0,0.0,0.0,0.0,82.0,84,9699,9390,10829,9294,9906,10536,10580,10563,9489,10145,11792,10834,10174,10499,9775,10048,11277,9124,9972,9017,,,,,,,,,,,,,,,,,,,,,Negative
119,678.3725,0.833,10495.89376,10484.56737,18882.45426,11191.66931,14116.91693,23871.10252,28673.18292,17720.1197,16063.81581,11901.29278,24866.67703,19889.71382,11206.46908,18876.05655,13826.9075,11463.83866,23835.33955,10597.06893,14393.69747,13530.84592,0.0,0.0,0.0,0.0,0.0,83.0,85,10496,10485,18882,11192,14117,23871,28673,17720,16064,11901,24867,19890,11206,18876,13827,11464,23835,10597,14394,13531,,,,,,,,,,,,,,,,,,,,,Negative
121,678.3727,1.817,0.0,3508.963535,0.0,0.0,0.0,0.0,0.0,0.0,0.0,0.0,0.0,0.0,0.0,0.0,0.0,0.0,0.0,0.0,0.0,0.0,0.0,0.0,0.0,0.0,0.0,84.0,86,0,3509,0,0,0,0,0,0,0,0,0,0,0,0,0,0,0,0,0,0,,,,,,,,,,,,,,,,,,,,,Negative
122,678.3729,1.383,2265.067186,2054.64059,4301.976224,2534.290475,2462.014092,3470.811002,2662.19489,2573.414975,2782.500667,2475.033764,3520.609499,3402.988244,2121.637253,2782.310433,3212.545897,2553.214631,3588.865313,0.0,2594.651117,2168.358743,0.0,0.0,0.0,0.0,0.0,85.0,87,2265,2055,4302,2534,2462,3471,2662,2573,2783,2475,3521,3403,2122,2782,3213,2553,3589,0,2595,2168,,,,,,,,,,,,,,,,,,,,,Negative
124,694.3676,1.383,0.0,0.0,2372.253433,0.0,0.0,2477.363955,0.0,2796.725157,0.0,0.0,2611.283502,2401.281499,0.0,0.0,0.0,0.0,2091.498905,0.0,0.0,0.0,0.0,0.0,0.0,0.0,0.0,86.0,88,0,0,2372,0,0,2477,0,2797,0,0,2611,2401,0,0,0,0,2091,0,0,0,,,,,,,,,,,,,,,,,,,,,Negative
126,722.5141,0.783,2030.130399,0.0,0.0,0.0,0.0,0.0,0.0,0.0,0.0,0.0,0.0,0.0,0.0,0.0,0.0,0.0,0.0,0.0,0.0,3089.107048,0.0,0.0,0.0,0.0,0.0,88.0,90,2030,0,0,0,0,0,0,0,0,0,0,0,0,0,0,0,0,0,0,3089,,,,,,,,,,,,,,,,,,,,,Negative
128,746.5147,0.767,2008.512055,0.0,0.0,0.0,0.0,0.0,2236.136025,2086.749624,0.0,2132.056924,3245.239706,0.0,0.0,0.0,0.0,0.0,0.0,0.0,2187.376938,3805.652439,0.0,0.0,0.0,0.0,0.0,89.0,91,2009,0,0,0,0,0,2236,2087,0,2132,3245,0,0,0,0,0,0,0,2187,3806,,[128][M]-,[128][M]-,[128][M]-,[128][M]-,[128][M]-,,,[128][M]-,,,[128][M]-,[128][M]-,[128][M]-,[128][M]-,[128][M]-,[128][M]-,[128][M]-,,,Negative
129,747.5187,0.767,0.0,0.0,0.0,0.0,0.0,0.0,0.0,0.0,0.0,0.0,3162.159747,0.0,0.0,0.0,0.0,0.0,0.0,0.0,0.0,2360.531403,0.0,0.0,0.0,0.0,0.0,90.0,92,0,0,0,0,0,0,0,0,0,0,3162,0,0,0,0,0,0,0,0,2361,,[128][M+1]-,[128][M+1]-,[128][M+1]-,[128][M+1]-,[128][M+1]-,,,[128][M+1]-,,,[128][M+1]-,[128][M+1]-,[128][M+1]-,[128][M+1]-,[128][M+1]-,[128][M+1]-,[128][M+1]-,,,Negative
131,749.0832,3.133,0.0,0.0,0.0,0.0,0.0,0.0,0.0,2328.6532931612496,0.0,0.0,0.0,0.0,0.0,0.0,0.0,0.0,0.0,0.0,0.0,0.0,3.576436004,6.621526761,4.037111827,4.983244763,4.80457983875,92.0,94,0,0,0,0,0,0,0,2329,0,0,0,0,0,0,0,0,0,0,0,0,,,,,,,,,,,,,,,,,,,,,Negative
133,762.5102,0.783,0.0,0.0,0.0,0.0,0.0,0.0,0.0,0.0,0.0,0.0,2551.528107,0.0,0.0,0.0,0.0,0.0,0.0,0.0,2014.260208,2682.098978,0.0,0.0,0.0,0.0,0.0,93.0,95,0,0,0,0,0,0,0,0,0,0,2552,0,0,0,0,0,0,0,2014,2682,,,,,,,,,,,,,,,,,,,,,Negative
134,764.5246,0.767,0.0,0.0,0.0,0.0,0.0,0.0,0.0,0.0,0.0,0.0,0.0,0.0,0.0,0.0,0.0,0.0,0.0,0.0,0.0,2232.87732,0.0,0.0,0.0,0.0,0.0,94.0,96,0,0,0,0,0,0,0,0,0,0,0,0,0,0,0,0,0,0,0,2233,,,,,,,,,,,,,,,,,,,,,Negative
136,766.5427,0.783,2742.245032,0.0,2819.218414,2024.175111,2967.295367,2179.063561,2825.659879,2914.304417,2354.603111,0.0,2332.889899,0.0,0.0,0.0,0.0,0.0,0.0,0.0,0.0,4448.598613,0.0,0.0,0.0,0.0,0.0,96.0,98,2742,0,2819,2024,2967,2179,2826,2914,2355,0,2333,0,0,0,0,0,0,0,0,4449,,,,,,,,,,,,,,,,,,,,,Negative
138,781.1048,0.783,2821.476174797,2830.4343347970002,3631.0802647970004,2969.3238437970003,3752.049826797,3551.6860477970004,3844.583304797,3263.6732567970002,3183.405571797,3111.608742797,3765.024318797,3598.354889797,2657.6089717970003,3564.0599167970004,3140.384537797,3343.530405797,3618.828098797,2254.820135797,3083.907769797,3131.735385797,7.674603792,18.33806647,19.22045642,16.58703813,15.455041203,97.0,99,2821,2830,3631,2969,3752,3552,3845,3264,3183,3112,3765,3598,2658,3564,3140,3344,3619,2255,3084,3132,,,,,,,,,,,,,,,,,,,,,Negative
140,781.5637,0.783,2895.859331,2934.621489,3527.951587,2992.770656,3971.29316,3754.683356,3778.446906,3424.977951,3292.963392,3109.519009,3878.009935,3671.906006,2671.675671,3723.879784,3218.29718,3282.424953,3640.182267,2315.018968,3297.958787,3331.03124,0.0,0.0,0.0,0.0,0.0,98.0,100,2896,2935,3528,2993,3971,3755,3778,3425,3293,3110,3878,3672,2672,3724,3218,3282,3640,2315,3298,3331,,,,,,,,,,,,,,,,,,,,,Negative
141,783.5799,1.75,0.0,0.0,0.0,0.0,0.0,0.0,0.0,2431.999173,0.0,3177.760086,0.0,0.0,0.0,0.0,0.0,0.0,0.0,0.0,0.0,0.0,0.0,0.0,0.0,0.0,0.0,99.0,101,0,0,0,0,0,0,0,2432,0,3178,0,0,0,0,0,0,0,0,0,0,,,,,,,,,,,,,,,,,,,,,Negative
142,783.5809,0.783,775949.9969,739522.7606,910476.5413,752267.0634,971921.2711,891368.7721,964060.6185,864035.0421,805137.9891,788378.6513,947188.579,902526.9243,694802.0072,924809.0467,814214.4027,870118.8402,910436.4844,597159.0008,813806.1957,812466.3073,0.0,0.0,0.0,0.0,0.0,100.0,102,775950,739523,910477,752267,971921,891369,964061,864035,805138,788379,947189,902527,694802,924809,814214,870119,910436,597159,813806,812466,,,,,,,,,,,,,,,,,,,,,Negative
143,783.581,1.05,0.0,0.0,310258.9934,0.0,267433.9856,0.0,0.0,0.0,0.0,0.0,283848.025,356948.9263,0.0,284840.4646,0.0,0.0,306612.3943,0.0,269316.0778,0.0,0.0,0.0,0.0,0.0,0.0,101.0,103,0,0,310259,0,267434,0,0,0,0,0,283848,356949,0,284840,0,0,306612,0,269316,0,,,,,,,,,,,,,,,,,,,,,Negative
144,788.5298,0.783,0.0,0.0,0.0,0.0,0.0,0.0,2000.328345,0.0,2233.844977,2092.824518,3483.552827,0.0,0.0,0.0,0.0,0.0,0.0,0.0,2582.29722,3819.574615,0.0,0.0,0.0,0.0,0.0,102.0,104,0,0,0,0,0,0,2000,0,2234,2093,3484,0,0,0,0,0,0,0,2582,3820,,,,,,,,,,,,,,,,,,,,,Negative
148,799.5748,1.067,0.0,6650.56157,8158.783163,6981.874618,9988.37793,7540.669119,7576.609695,7650.860653,7741.355359,6030.073819,8809.413856,7199.938721,5503.917404,7520.121323,7077.268885,7612.012395,7774.829073,3950.75784,6724.57272,6851.002269,0.0,0.0,0.0,0.0,0.0,104.0,106,0,6651,8159,6982,9988,7541,7577,7651,7741,6030,8809,7200,5504,7520,7077,7612,7775,3951,6725,6851,,,,,,,,,,,,,,,,,,,,,Negative
149,799.5752,0.817,20962.67374,21518.08161,23982.5684,23175.56006,26343.03496,22663.95143,27126.79565,25116.61677,23423.84176,21216.53402,24037.51179,24920.57337,18951.80651,24866.62959,24505.2239,20435.20312,24962.1882,14537.57312,23377.28848,22416.00485,0.0,0.0,0.0,0.0,0.0,105.0,107,20963,21518,23983,23176,26343,22664,27127,25117,23424,21217,24038,24921,18952,24867,24505,20435,24962,14538,23377,22416,,,,,,,,,,,,,,,,,,,,,Negative
150,799.5752,1.4,2636.996462,2734.967612,3513.673973,2837.288688,3369.149166,2403.564328,2094.061457,2022.334149,0.0,2316.393164,3195.022145,3832.17889,2159.747369,2437.64167,3609.016461,3242.963953,3523.574251,0.0,2576.662254,2532.145353,0.0,0.0,0.0,0.0,0.0,106.0,108,2637,2735,3514,2837,3369,2404,2094,2022,0,2316,3195,3832,2160,2438,3609,3243,3524,0,2577,2532,,,,,,,,,,,,,,,,,,,,,Negative
158,821.5402,1.05,3212.568883,2870.681698,2949.379961,3159.666231,3485.917799,2679.815543,2757.134037,2900.866441,2808.580159,2923.41695,2900.510203,3103.216745,2978.049479,3095.708327,2975.166418,3424.246897,3091.250323,3894.003054,3089.256586,3079.574361,0.0,0.0,0.0,0.0,0.0,108.0,110,3213,2871,2949,3160,3486,2680,2757,2901,2809,2923,2901,3103,2978,3096,2975,3424,3091,3894,3089,3080,,,,,,,,,,,,,,,,,,,,,Negative
160,834.5303,0.783,0.0,0.0,0.0,0.0,0.0,0.0,0.0,0.0,0.0,0.0,0.0,0.0,0.0,0.0,0.0,0.0,0.0,0.0,0.0,2111.326552,0.0,0.0,0.0,0.0,0.0,109.0,111,0,0,0,0,0,0,0,0,0,0,0,0,0,0,0,0,0,0,0,2111,,,,,,,,,,,,,,,,,,,,,Negative
161,874.0982,3.133,0.0,0.0,0.0,0.0,0.0,0.0,2079.513798,2762.274389,0.0,0.0,0.0,0.0,0.0,0.0,0.0,0.0,0.0,0.0,0.0,0.0,0.0,0.0,0.0,0.0,0.0,110.0,112,0,0,0,0,0,0,2080,2762,0,0,0,0,0,0,0,0,0,0,0,0,,,,,,,,,,,,,,,,,,,,,Negative
163,885.5515,0.783,0.0,2539.571319,3888.962489,2237.493198,2192.623194,2564.390872,2714.287771,3239.821577,2536.883443,2980.342575,6712.089922,0.0,0.0,2285.702285,2018.097187,2326.921512,0.0,0.0,2886.794003,6884.785155,0.0,0.0,0.0,0.0,0.0,112.0,114,0,2540,3889,2237,2193,2564,2714,3240,2537,2980,6712,0,0,2286,2018,2327,0,0,2887,6885,,,,,,,,,,,,,,,,,,,,,Negative
